0.00000000000000e+00,0.00000000000000e+00,0.00000000000000e+00,2.57404627610709e-07
1.00000000000000e-11,4.00000000000000e-03,0.00000000000000e+00,3.98285721772557e-05
2.00000000000000e-11,8.00000000000000e-03,0.00000000000000e+00,4.04890864555141e-05
4.00000000000000e-11,1.60000000000000e-02,0.00000000000000e+00,2.22631880065771e-05
8.00000000000000e-11,3.20000000000000e-02,0.00000000000000e+00,-2.96969518096685e-06
1.60000000000000e-10,6.40000000000000e-02,0.00000000000000e+00,5.14491933909650e-06
3.20000000000000e-10,1.28000000000000e-01,0.00000000000000e+00,-3.85567660867586e-06
6.40000000000000e-10,2.56000000000000e-01,0.00000000000000e+00,-2.21978486955477e-05
1.00000000000000e-09,4.00000000000000e-01,0.00000000000000e+00,2.83984930447932e-05
1.03911513570917e-09,4.00000000000000e-01,0.00000000000000e+00,2.20391546827403e-05
1.11734540712752e-09,4.00000000000000e-01,0.00000000000000e+00,1.01784107074190e-05
1.27380594996421e-09,4.00000000000000e-01,0.00000000000000e+00,-1.87096337659030e-05
1.51535999682471e-09,4.00000000000000e-01,0.00000000000000e+00,1.65033004594899e-05
1.84057776483615e-09,4.00000000000000e-01,0.00000000000000e+00,-1.34273930950980e-05
2.49101330085903e-09,4.00000000000000e-01,0.00000000000000e+00,1.27067491749256e-05
3.79188437290478e-09,4.00000000000000e-01,0.00000000000000e+00,-1.15694264183172e-05
6.39362651699627e-09,4.00000000000000e-01,0.00000000000000e+00,1.17909067537351e-05
7.00000000000000e-09,4.00000000000000e-01,0.00000000000000e+00,-1.00141085025941e-05
7.10000000000000e-09,4.00000000000000e-01,4.00000000000000e-02,-1.34097591992545e-06
7.30000000000000e-09,4.00000000000000e-01,1.20000000000000e-01,1.48391244443775e-06
7.70000000000000e-09,4.00000000000000e-01,2.80000000000000e-01,-8.27123461500691e-07
8.00000000000000e-09,4.00000000000000e-01,4.00000000000000e-01,1.34443623022590e-06
8.04749234579869e-09,4.00000000000000e-01,4.00000000000000e-01,-2.39931343126720e-08
8.14247703739607e-09,4.00000000000000e-01,4.00000000000000e-01,3.66940934644344e-07
8.33244642059082e-09,4.00000000000000e-01,4.00000000000000e-01,3.21946895545655e-07
8.71238518698034e-09,4.00000000000000e-01,4.00000000000000e-01,1.66290299802654e-07
9.47226271975936e-09,4.00000000000000e-01,4.00000000000000e-01,3.58240856964363e-07
1.09920177853174e-08,4.00000000000000e-01,4.00000000000000e-01,1.50907890675376e-07
1.10000000000000e-08,4.00000000000000e-01,4.00000000000000e-01,3.06614806211414e-07
1.10159644293652e-08,3.93614228253932e-01,4.00000000000000e-01,-3.69356266930049e-05
1.10478932880955e-08,3.80842684761796e-01,4.00000000000000e-01,-5.87857268079250e-06
1.11117510055562e-08,3.55299597777524e-01,4.00000000000000e-01,1.98479265242982e-05
1.12394664404776e-08,3.04213423808980e-01,4.00000000000000e-01,-1.02701775266702e-05
1.14948973103203e-08,2.02041075871892e-01,4.00000000000000e-01,6.08752797973816e-06
1.18285743069339e-08,6.85702772264528e-02,4.00000000000000e-01,1.90338824965219e-06
1.20000000000000e-08,0.00000000000000e+00,4.00000000000000e-01,3.76009111650553e-05
1.20429001571752e-08,0.00000000000000e+00,4.00000000000000e-01,3.20851708643100e-05
1.21287004715256e-08,0.00000000000000e+00,4.00000000000000e-01,-5.84198299164521e-05
1.22452443349920e-08,0.00000000000000e+00,4.00000000000000e-01,-5.07782998745293e-06
1.23759710109462e-08,0.00000000000000e+00,4.00000000000000e-01,-1.37088222089757e-06
1.25189626047820e-08,0.00000000000000e+00,4.00000000000000e-01,1.34567071892119e-06
1.26757456883864e-08,0.00000000000000e+00,4.00000000000000e-01,4.45322649743340e-06
1.28772354337962e-08,0.00000000000000e+00,4.00000000000000e-01,-9.14706173234248e-06
1.30860417246000e-08,0.00000000000000e+00,4.00000000000000e-01,1.28979171072439e-05
1.35036543062074e-08,0.00000000000000e+00,4.00000000000000e-01,-1.35719752819242e-05
1.43388794694224e-08,0.00000000000000e+00,4.00000000000000e-01,1.44754528779161e-05
1.60093297958522e-08,0.00000000000000e+00,4.00000000000000e-01,-1.42238957757564e-05
1.93502304487120e-08,0.00000000000000e+00,4.00000000000000e-01,1.47865874166930e-05
2.20000000000000e-08,0.00000000000000e+00,4.00000000000000e-01,-1.44627212135724e-05
2.21000000000000e-08,4.00000000000004e-02,4.00000000000000e-01,1.85679469768413e-05
2.23000000000000e-08,1.20000000000000e-01,4.00000000000000e-01,-1.54327443320501e-06
2.27000000000000e-08,2.80000000000000e-01,4.00000000000000e-01,1.33518098080843e-05
2.30000000000000e-08,4.00000000000000e-01,4.00000000000000e-01,-1.09843086368527e-03
2.30361531852438e-08,4.00000000000000e-01,4.00000000000000e-01,-3.44233978038677e-03
2.31084595557313e-08,4.00000000000000e-01,4.00000000000000e-01,-2.08570676790719e-02
2.32530722967064e-08,4.00000000000000e-01,4.00000000000000e-01,1.19381194392495e-01
2.33894267678467e-08,4.00000000000000e-01,4.00000000000000e-01,3.83217645170037e-01
2.35413447117169e-08,4.00000000000000e-01,4.00000000000000e-01,4.07366561261005e-01
2.37272699699308e-08,4.00000000000000e-01,4.00000000000000e-01,3.94228398065233e-01
2.39450174648991e-08,4.00000000000000e-01,4.00000000000000e-01,4.04245610919365e-01
2.41710986456330e-08,4.00000000000000e-01,4.00000000000000e-01,3.96440388307104e-01
2.45829606697603e-08,4.00000000000000e-01,4.00000000000000e-01,4.03032389743000e-01
2.51115900166872e-08,4.00000000000000e-01,4.00000000000000e-01,3.97097779558629e-01
2.60000000000000e-08,4.00000000000000e-01,4.00000000000000e-01,4.02628038807392e-01
2.60935065816281e-08,4.00000000000000e-01,3.62597367348775e-01,4.00189696812102e-01
2.62805197448842e-08,4.00000000000000e-01,2.87792102046326e-01,3.99743329337146e-01
2.66545460713964e-08,4.00000000000000e-01,1.38181571441428e-01,4.00107563622085e-01
2.70000000000000e-08,4.00000000000000e-01,0.00000000000000e+00,3.99788596687794e-01
2.70748052653024e-08,4.00000000000000e-01,0.00000000000000e+00,3.99914224587797e-01
2.72244157959073e-08,4.00000000000000e-01,0.00000000000000e+00,3.99954307773313e-01
2.75236368571171e-08,4.00000000000000e-01,0.00000000000000e+00,3.99922701281112e-01
2.78201872231020e-08,4.00000000000000e-01,0.00000000000000e+00,3.99948816751155e-01
2.83888695048953e-08,4.00000000000000e-01,0.00000000000000e+00,3.99926916550838e-01
2.93253080121947e-08,4.00000000000000e-01,0.00000000000000e+00,3.99946704277430e-01
3.08324646314205e-08,4.00000000000000e-01,0.00000000000000e+00,3.99928130638090e-01
3.30000000000000e-08,3.99999999999999e-01,0.00000000000000e+00,3.99945946148952e-01
3.31000000000000e-08,3.59999999999999e-01,0.00000000000000e+00,3.99928887006806e-01
3.33000000000000e-08,2.79999999999998e-01,0.00000000000000e+00,3.99951632013121e-01
3.37000000000000e-08,1.19999999999997e-01,0.00000000000000e+00,3.99926607538898e-01
3.40000000000000e-08,0.00000000000000e+00,0.00000000000000e+00,3.99978967627508e-01
3.40459500018206e-08,0.00000000000000e+00,0.00000000000000e+00,3.99954907286141e-01
3.41378500054619e-08,0.00000000000000e+00,0.00000000000000e+00,3.99841491486929e-01
3.42769921461900e-08,0.00000000000000e+00,0.00000000000000e+00,3.99975738275403e-01
3.44392326003486e-08,0.00000000000000e+00,0.00000000000000e+00,3.99921254157795e-01
3.46151589014164e-08,0.00000000000000e+00,0.00000000000000e+00,3.99942286352306e-01
3.48135352287390e-08,0.00000000000000e+00,0.00000000000000e+00,3.99940341786378e-01
3.50202690349172e-08,0.00000000000000e+00,0.00000000000000e+00,3.99927902976908e-01
3.54337366472737e-08,0.00000000000000e+00,0.00000000000000e+00,3.99948769685496e-01
3.60264771909880e-08,0.00000000000000e+00,0.00000000000000e+00,3.99924211392388e-01
3.71233598903612e-08,0.00000000000000e+00,0.00000000000000e+00,3.99950846745577e-01
3.90000000000000e-08,0.00000000000000e+00,0.00000000000000e+00,3.99923204452395e-01
3.91000000000000e-08,0.00000000000000e+00,4.00000000000004e-02,3.99938462292014e-01
3.93000000000000e-08,0.00000000000000e+00,1.20000000000001e-01,3.99936805661621e-01
3.97000000000000e-08,0.00000000000000e+00,2.80000000000003e-01,3.99936905329451e-01
4.00000000000000e-08,0.00000000000000e+00,4.00000000000000e-01,3.99938555290847e-01
4.00419566924993e-08,0.00000000000000e+00,4.00000000000000e-01,3.99945020463592e-01
4.01258700774980e-08,0.00000000000000e+00,4.00000000000000e-01,3.99928899945015e-01
4.02936968474952e-08,0.00000000000000e+00,4.00000000000000e-01,3.99936076657372e-01
4.04657454712928e-08,0.00000000000000e+00,4.00000000000000e-01,3.99951912727161e-01
4.06337577234169e-08,0.00000000000000e+00,4.00000000000000e-01,3.99909621933196e-01
4.08971616188181e-08,0.00000000000000e+00,4.00000000000000e-01,3.99969495936659e-01
4.11355437776693e-08,0.00000000000000e+00,4.00000000000000e-01,3.99903426592847e-01
4.15422041424350e-08,0.00000000000000e+00,4.00000000000000e-01,3.99970319886206e-01
4.20303681289108e-08,0.00000000000000e+00,4.00000000000000e-01,3.99905152587475e-01
4.27236681292669e-08,0.00000000000000e+00,4.00000000000000e-01,3.99968204146824e-01
4.37316504981949e-08,0.00000000000000e+00,4.00000000000000e-01,3.99907003037124e-01
4.40000000000000e-08,0.00000000000000e+00,4.00000000000000e-01,3.99963860647426e-01
4.40721615595916e-08,2.88646238366450e-02,4.00000000000000e-01,3.99965110356213e-01
4.42164846787748e-08,8.65938715099376e-02,4.00000000000000e-01,3.99908628031312e-01
4.45051309171413e-08,2.02052366856520e-01,4.00000000000000e-01,3.99952222521901e-01
4.48965619599024e-08,3.58624783960962e-01,4.00000000000000e-01,3.99878510589003e-01
4.50000000000000e-08,4.00000000000000e-01,4.00000000000000e-01,4.00167438649473e-01
4.50355072756031e-08,4.00000000000000e-01,4.00000000000000e-01,3.99977101510157e-01
4.51065218268094e-08,4.00000000000000e-01,4.00000000000000e-01,3.99902173533264e-01
4.52485509292219e-08,4.00000000000000e-01,4.00000000000000e-01,3.99953364460756e-01
4.55326091340470e-08,4.00000000000000e-01,4.00000000000000e-01,3.99923257411750e-01
4.61007255436971e-08,4.00000000000000e-01,4.00000000000000e-01,3.99949990849768e-01
4.72369583629973e-08,4.00000000000000e-01,4.00000000000000e-01,3.99924943789331e-01
4.95094240015978e-08,4.00000000000000e-01,4.00000000000000e-01,3.99949167645068e-01
5.39094240015978e-08,4.00000000000000e-01,4.00000000000000e-01,3.99925351471031e-01
5.50000000000000e-08,4.00000000000000e-01,4.00000000000000e-01,3.99948493492099e-01
5.51000000000000e-08,3.60000000000000e-01,4.00000000000000e-01,3.99929514093299e-01
5.53000000000000e-08,2.80000000000000e-01,4.00000000000000e-01,3.99951193530544e-01
5.57000000000000e-08,1.19999999999998e-01,4.00000000000000e-01,3.99926045019324e-01
5.60000000000000e-08,0.00000000000000e+00,4.00000000000000e-01,3.99983174353737e-01
5.60653449703036e-08,0.00000000000000e+00,4.00000000000000e-01,3.99935979633811e-01
5.61960349109108e-08,0.00000000000000e+00,4.00000000000000e-01,3.99852533741772e-01
5.64394320054068e-08,0.00000000000000e+00,4.00000000000000e-01,4.00014432372005e-01
5.66943773814392e-08,0.00000000000000e+00,4.00000000000000e-01,3.99874198023776e-01
5.70183911051196e-08,0.00000000000000e+00,4.00000000000000e-01,3.99988216126487e-01
5.76664185524803e-08,0.00000000000000e+00,4.00000000000000e-01,3.99891616356338e-01
5.80000000000000e-08,0.00000000000000e+00,3.99999999999999e-01,3.99973310294744e-01
5.80815121641840e-08,0.00000000000000e+00,3.67395134326394e-01,3.99944453497857e-01
5.82445364925520e-08,0.00000000000000e+00,3.02185402979183e-01,3.99932693248068e-01
5.85705851492881e-08,0.00000000000000e+00,1.71765940284763e-01,3.99940683349618e-01
5.90000000000000e-08,0.00000000000000e+00,0.00000000000000e+00,3.99934960922322e-01
5.90652097313472e-08,0.00000000000000e+00,0.00000000000000e+00,3.99933343856860e-01
5.91956291940416e-08,0.00000000000000e+00,0.00000000000000e+00,3.99935479490674e-01
5.93656679273338e-08,0.00000000000000e+00,0.00000000000000e+00,3.99946494491028e-01
5.95049515772968e-08,0.00000000000000e+00,0.00000000000000e+00,3.99927436197718e-01
5.96705731147849e-08,0.00000000000000e+00,0.00000000000000e+00,3.99936929108919e-01
5.98942734431845e-08,0.00000000000000e+00,0.00000000000000e+00,3.99946266598598e-01
6.01171536123625e-08,0.00000000000000e+00,0.00000000000000e+00,3.99922400908426e-01
6.04581514349608e-08,0.00000000000000e+00,0.00000000000000e+00,3.99953970702796e-01
6.09442066250834e-08,0.00000000000000e+00,0.00000000000000e+00,3.99919766668166e-01
6.16704923177745e-08,0.00000000000000e+00,0.00000000000000e+00,3.99954813036075e-01
6.29177286285961e-08,0.00000000000000e+00,0.00000000000000e+00,3.99919616871939e-01
6.48747106810134e-08,0.00000000000000e+00,0.00000000000000e+00,3.99954780664503e-01
6.60000000000000e-08,0.00000000000000e+00,0.00000000000000e+00,3.99919719813720e-01
6.61000000000000e-08,3.99999999999977e-02,0.00000000000000e+00,3.99953208814813e-01
6.63000000000000e-08,1.19999999999998e-01,0.00000000000000e+00,3.99909630934174e-01
6.66351498370244e-08,2.54059934809753e-01,0.00000000000000e+00,3.99713280290231e-01
6.70000000000000e-08,3.99999999999998e-01,0.00000000000000e+00,4.31892460188973e-01
6.70375707183757e-08,4.00000000000000e-01,0.00000000000000e+00,4.24348320828405e-01
6.71127121551270e-08,4.00000000000000e-01,0.00000000000000e+00,3.01763528391512e-01
6.72629950286297e-08,4.00000000000000e-01,0.00000000000000e+00,8.51651327578161e-03
6.74009142215949e-08,4.00000000000000e-01,0.00000000000000e+00,-6.61526822755967e-04
6.75925457804462e-08,4.00000000000000e-01,0.00000000000000e+00,8.63743054485000e-04
6.78375721543364e-08,4.00000000000000e-01,0.00000000000000e+00,-8.98224620719212e-04
6.80946037285765e-08,4.00000000000000e-01,0.00000000000000e+00,8.69982055283637e-04
6.86086668770565e-08,4.00000000000000e-01,0.00000000000000e+00,-8.65674825420300e-04
6.92827234238640e-08,4.00000000000000e-01,0.00000000000000e+00,8.47026726091961e-04
7.03770434404470e-08,4.00000000000000e-01,0.00000000000000e+00,-8.46741774506728e-04
7.10000000000000e-08,4.00000000000000e-01,0.00000000000000e+00,8.27317273879495e-04
7.11000000000000e-08,4.00000000000000e-01,3.99999999999977e-02,2.70874330698303e-05
7.13000000000000e-08,4.00000000000000e-01,1.19999999999998e-01,-2.81134246740648e-05
7.17000000000000e-08,4.00000000000000e-01,2.80000000000000e-01,2.87316915002283e-05
7.20000000000000e-08,4.00000000000000e-01,3.99999999999998e-01,-2.79307858958629e-05
7.20475551273193e-08,4.00000000000000e-01,4.00000000000000e-01,-5.95748270635493e-07
7.21426653819580e-08,4.00000000000000e-01,4.00000000000000e-01,1.32195196208065e-06
7.23328858912354e-08,4.00000000000000e-01,4.00000000000000e-01,-7.23353054598794e-07
7.27133269097902e-08,4.00000000000000e-01,4.00000000000000e-01,1.21013635399035e-06
7.34742089468998e-08,4.00000000000000e-01,4.00000000000000e-01,-6.78759770451030e-07
7.49959730211189e-08,4.00000000000000e-01,4.00000000000000e-01,1.18350548396250e-06
7.70000000000000e-08,4.00000000000000e-01,4.00000000000000e-01,-6.60853674272098e-07
7.71000000000000e-08,3.60000000000006e-01,4.00000000000000e-01,-7.32570382452717e-06
7.73000000000000e-08,2.80000000000005e-01,4.00000000000000e-01,9.03337493351163e-06
7.77000000000000e-08,1.20000000000003e-01,4.00000000000000e-01,-7.35649853859151e-06
7.80000000000000e-08,5.05151476204446e-15,4.00000000000000e-01,3.40816320689753e-05
7.80560985906884e-08,0.00000000000000e+00,4.00000000000000e-01,2.27829257922404e-05
7.81682957720651e-08,0.00000000000000e+00,4.00000000000000e-01,-7.47152426320494e-05
7.83097022389978e-08,0.00000000000000e+00,4.00000000000000e-01,4.36388479288716e-05
7.84668929749269e-08,0.00000000000000e+00,4.00000000000000e-01,-4.36379248377472e-05
7.86440269314971e-08,0.00000000000000e+00,4.00000000000000e-01,4.88375779080126e-05
7.88181184784220e-08,0.00000000000000e+00,4.00000000000000e-01,-5.13931296811168e-05
7.90383329502606e-08,0.00000000000000e+00,4.00000000000000e-01,5.05279588787783e-05
7.92625266546387e-08,0.00000000000000e+00,4.00000000000000e-01,-4.66469174893944e-05
7.95901965550289e-08,0.00000000000000e+00,4.00000000000000e-01,4.40322450227567e-05
7.99812734996738e-08,0.00000000000000e+00,4.00000000000000e-01,-4.06446147143864e-05
8.05158564694850e-08,0.00000000000000e+00,4.00000000000000e-01,3.89037124850881e-05
8.12439800629539e-08,0.00000000000000e+00,4.00000000000000e-01,-3.67196452248034e-05
8.22202379407196e-08,0.00000000000000e+00,4.00000000000000e-01,3.59346904623575e-05
8.35957479357267e-08,0.00000000000000e+00,4.00000000000000e-01,-3.45311163563299e-05
8.55494970363907e-08,0.00000000000000e+00,4.00000000000000e-01,3.43805004108992e-05
8.80000000000000e-08,0.00000000000000e+00,4.00000000000000e-01,-3.33699702210748e-05
8.81000000000000e-08,3.99999999999977e-02,4.00000000000000e-01,1.50700573701441e-05
8.83000000000000e-08,1.19999999999998e-01,4.00000000000000e-01,1.23464746979059e-06
8.86582016003112e-08,2.63280640124478e-01,4.00000000000000e-01,9.23851999953124e-06
8.90000000000000e-08,3.99999999999998e-01,4.00000000000000e-01,-1.26842771292525e-03
8.90389856279315e-08,4.00000000000000e-01,4.00000000000000e-01,-4.03056983211234e-03
8.91169568837945e-08,4.00000000000000e-01,4.00000000000000e-01,-2.70958107689810e-02
8.92728993955205e-08,4.00000000000000e-01,4.00000000000000e-01,1.87078640064551e-01
8.94135163292920e-08,4.00000000000000e-01,4.00000000000000e-01,3.96490718596809e-01
8.95661998144777e-08,4.00000000000000e-01,4.00000000000000e-01,4.01621379214184e-01
8.97715961633109e-08,4.00000000000000e-01,4.00000000000000e-01,3.98596143976648e-01
8.99740398674367e-08,4.00000000000000e-01,4.00000000000000e-01,4.01074224366089e-01
9.00000000000000e-08,4.00000000000000e-01,4.00000000000000e-01,3.99575361734977e-01
9.00283117206700e-08,4.00000000000000e-01,3.88675311731996e-01,3.99827591322520e-01
9.00849351620100e-08,4.00000000000000e-01,3.66025935195991e-01,3.99992849599640e-01
9.01970231161820e-08,4.00000000000000e-01,3.21190753527199e-01,3.99908399561399e-01
9.04211990245260e-08,4.00000000000000e-01,2.31520390189615e-01,3.99958112790833e-01
9.08695508412139e-08,4.00000000000000e-01,5.21796635144415e-02,3.99919189401346e-01
9.10000000000000e-08,4.00000000000000e-01,3.10862446895044e-15,3.99946280749173e-01
9.10449636274467e-08,4.00000000000000e-01,0.00000000000000e+00,3.99941153590574e-01
9.11348908823400e-08,4.00000000000000e-01,0.00000000000000e+00,3.99936352670902e-01
9.13147453921267e-08,4.00000000000000e-01,0.00000000000000e+00,3.99937536781876e-01
9.16744544117001e-08,4.00000000000000e-01,0.00000000000000e+00,3.99936789513304e-01
9.21884696521391e-08,4.00000000000000e-01,0.00000000000000e+00,3.99937611820829e-01
9.32165001330169e-08,4.00000000000000e-01,0.00000000000000e+00,3.99936763330352e-01
9.52725610947727e-08,4.00000000000000e-01,0.00000000000000e+00,3.99937620093479e-01
9.90000000000000e-08,4.00000000000000e-01,0.00000000000000e+00,3.99936761089224e-01
9.91000000000000e-08,3.60000000000006e-01,0.00000000000000e+00,3.99927432738235e-01
9.93000000000000e-08,2.80000000000005e-01,0.00000000000000e+00,3.99952660846847e-01
9.97000000000000e-08,1.20000000000003e-01,0.00000000000000e+00,3.99925824619702e-01
1.00000000000000e-07,5.05151476204446e-15,0.00000000000000e+00,3.99979488652255e-01
1.00045865906757e-07,0.00000000000000e+00,0.00000000000000e+00,3.99955369841562e-01
1.00137597720272e-07,0.00000000000000e+00,0.00000000000000e+00,3.99841320514054e-01
1.00276066798168e-07,0.00000000000000e+00,0.00000000000000e+00,3.99975336219038e-01
1.00437481919380e-07,0.00000000000000e+00,0.00000000000000e+00,3.99921580833061e-01
1.00612695983406e-07,0.00000000000000e+00,0.00000000000000e+00,3.99942171045890e-01
1.00810401232832e-07,0.00000000000000e+00,0.00000000000000e+00,3.99940327193623e-01
1.01016451125740e-07,0.00000000000000e+00,0.00000000000000e+00,3.99927990210541e-01
1.01428550911556e-07,0.00000000000000e+00,0.00000000000000e+00,3.99948661694882e-01
1.02020754494154e-07,0.00000000000000e+00,0.00000000000000e+00,3.99924334157578e-01
1.03000000000000e-07,0.00000000000000e+00,0.00000000000000e+00,3.99950786779847e-01
1.03100000000000e-07,0.00000000000000e+00,3.99999999999977e-02,3.99936057992319e-01
1.03300000000000e-07,0.00000000000000e+00,1.19999999999998e-01,3.99937486581288e-01
1.03700000000000e-07,0.00000000000000e+00,2.80000000000000e-01,3.99936891375286e-01
1.04000000000000e-07,0.00000000000000e+00,3.99999999999998e-01,3.99937806559169e-01
1.04041422724247e-07,0.00000000000000e+00,4.00000000000000e-01,3.99945491999375e-01
1.04124268172741e-07,0.00000000000000e+00,4.00000000000000e-01,3.99929433575099e-01
1.04289959069729e-07,0.00000000000000e+00,4.00000000000000e-01,3.99935095133431e-01
1.04464613691724e-07,0.00000000000000e+00,4.00000000000000e-01,3.99952757129101e-01
1.04628407284117e-07,0.00000000000000e+00,4.00000000000000e-01,3.99908516925419e-01
1.04859164333592e-07,0.00000000000000e+00,4.00000000000000e-01,3.99970928489453e-01
1.05095230032040e-07,0.00000000000000e+00,4.00000000000000e-01,3.99902487150309e-01
1.05456919595361e-07,0.00000000000000e+00,4.00000000000000e-01,3.99970871719440e-01
1.05913239051223e-07,0.00000000000000e+00,4.00000000000000e-01,3.99904936770962e-01
1.06553075257270e-07,0.00000000000000e+00,4.00000000000000e-01,3.99968168624688e-01
1.07472444365197e-07,0.00000000000000e+00,4.00000000000000e-01,3.99907218215929e-01
1.08745306591650e-07,0.00000000000000e+00,4.00000000000000e-01,3.99966417209940e-01
1.10000000000000e-07,0.00000000000000e+00,4.00000000000000e-01,3.99908775871629e-01
1.10100000000000e-07,3.99999999999977e-02,4.00000000000000e-01,3.99951009230415e-01
1.10300000000000e-07,1.19999999999998e-01,4.00000000000000e-01,3.99919389167467e-01
1.10659770379283e-07,2.63908151713276e-01,4.00000000000000e-01,3.99939608965185e-01
1.11000000000000e-07,3.99999999999998e-01,4.00000000000000e-01,3.99898077279923e-01
1.11039245152492e-07,4.00000000000000e-01,4.00000000000000e-01,3.99994676433966e-01
1.11117735457475e-07,4.00000000000000e-01,4.00000000000000e-01,4.00031642884168e-01
1.11274716067442e-07,4.00000000000000e-01,4.00000000000000e-01,3.99861461003654e-01
1.11520566762530e-07,4.00000000000000e-01,4.00000000000000e-01,3.99990457155533e-01
1.11872166199895e-07,4.00000000000000e-01,4.00000000000000e-01,3.99897332382469e-01
1.12575365074626e-07,4.00000000000000e-01,4.00000000000000e-01,3.99970974813507e-01
1.13981762824089e-07,4.00000000000000e-01,4.00000000000000e-01,3.99906180361654e-01
1.16794558323013e-07,4.00000000000000e-01,4.00000000000000e-01,3.99966807612085e-01
1.21000000000000e-07,3.99999999999998e-01,4.00000000000000e-01,3.99908434330585e-01
1.21100000000000e-07,3.59999999999995e-01,4.00000000000000e-01,3.99920091647979e-01
1.21300000000000e-07,2.80000000000000e-01,4.00000000000000e-01,3.99957832874936e-01
1.21700000000000e-07,1.19999999999998e-01,4.00000000000000e-01,3.99920974858794e-01
1.22000000000000e-07,0.00000000000000e+00,4.00000000000000e-01,3.99986524865529e-01
1.22066216741082e-07,0.00000000000000e+00,3.73513303567307e-01,3.99936563583081e-01
1.22198650223245e-07,0.00000000000000e+00,3.20539910701918e-01,3.99853652822939e-01
1.22437724963095e-07,0.00000000000000e+00,2.24910014762080e-01,4.00013442145026e-01
1.22698307828779e-07,0.00000000000000e+00,1.20676868488374e-01,3.99875226525875e-01
1.23000000000000e-07,0.00000000000000e+00,3.10862446895044e-15,3.99987155362127e-01
1.23032267554990e-07,0.00000000000000e+00,0.00000000000000e+00,3.99952324521196e-01
1.23096802664970e-07,0.00000000000000e+00,0.00000000000000e+00,3.99927731063244e-01
1.23225872884930e-07,0.00000000000000e+00,0.00000000000000e+00,3.99941519555660e-01
1.23384152646398e-07,0.00000000000000e+00,0.00000000000000e+00,3.99942824859609e-01
1.23530239528575e-07,0.00000000000000e+00,0.00000000000000e+00,3.99926970310185e-01
1.23685804841304e-07,0.00000000000000e+00,0.00000000000000e+00,3.99940427824064e-01
1.23915560428883e-07,0.00000000000000e+00,0.00000000000000e+00,3.99941359411207e-01
1.24138947200644e-07,0.00000000000000e+00,0.00000000000000e+00,3.99927577712286e-01
1.24537641634972e-07,0.00000000000000e+00,0.00000000000000e+00,3.99948692500650e-01
1.25115937713625e-07,0.00000000000000e+00,0.00000000000000e+00,3.99924920338511e-01
1.26045625903825e-07,0.00000000000000e+00,0.00000000000000e+00,3.99949842274044e-01
1.27753344252976e-07,0.00000000000000e+00,0.00000000000000e+00,3.99924434673858e-01
1.30522836315588e-07,0.00000000000000e+00,0.00000000000000e+00,3.99950075788992e-01
1.32000000000000e-07,0.00000000000000e+00,0.00000000000000e+00,3.99924186279166e-01
1.32100000000000e-07,4.00000000000030e-02,0.00000000000000e+00,3.99954535474041e-01
1.32300000000000e-07,1.19999999999998e-01,0.00000000000000e+00,3.99908315668844e-01
1.32636887015219e-07,2.54754806087401e-01,0.00000000000000e+00,3.99700777328204e-01
1.33000000000000e-07,3.99999999999998e-01,0.00000000000000e+00,4.32226858117993e-01
1.33037613973688e-07,4.00000000000000e-01,0.00000000000000e+00,4.24235130015543e-01
1.33112841921065e-07,4.00000000000000e-01,0.00000000000000e+00,3.00091359149759e-01
1.33263297815819e-07,4.00000000000000e-01,0.00000000000000e+00,8.24952408124715e-03
1.33401106051807e-07,4.00000000000000e-01,0.00000000000000e+00,-5.94919228182379e-04
1.33593570199608e-07,4.00000000000000e-01,0.00000000000000e+00,8.05063966843780e-04
1.33838658749821e-07,4.00000000000000e-01,0.00000000000000e+00,-8.43463421311256e-04
1.34097016630333e-07,4.00000000000000e-01,0.00000000000000e+00,8.20217253180041e-04
1.34613732391356e-07,4.00000000000000e-01,0.00000000000000e+00,-8.17790253168691e-04
1.35000000000000e-07,4.00000000000000e-01,0.00000000000000e+00,7.93673127916160e-04
1.35067709550602e-07,4.00000000000000e-01,2.70838202406686e-02,3.58058804059910e-05
1.35203128651805e-07,4.00000000000000e-01,8.12514607220165e-02,-3.87004658435573e-05
1.35473966854212e-07,4.00000000000000e-01,1.89586741684702e-01,3.92370455961702e-05
1.36000000000000e-07,4.00000000000000e-01,3.99999999999998e-01,-3.86133890668237e-05
1.36054167640481e-07,4.00000000000000e-01,4.00000000000000e-01,5.80894241371949e-07
1.36162502921444e-07,4.00000000000000e-01,4.00000000000000e-01,-2.56982926348515e-07
1.36379173483369e-07,4.00000000000000e-01,4.00000000000000e-01,4.55104251976743e-07
1.36704860946686e-07,4.00000000000000e-01,4.00000000000000e-01,2.15711262152932e-07
1.37356235873320e-07,4.00000000000000e-01,4.00000000000000e-01,2.26162144719398e-07
1.38658985726588e-07,4.00000000000000e-01,4.00000000000000e-01,3.35366270357539e-07
1.41264485433124e-07,4.00000000000000e-01,4.00000000000000e-01,1.53499932207092e-07
1.43000000000000e-07,3.99999999999998e-01,4.00000000000000e-01,4.02024326516754e-07
1.43100000000000e-07,3.59999999999995e-01,4.00000000000000e-01,-7.58986546306462e-06
1.43300000000000e-07,2.80000000000000e-01,4.00000000000000e-01,9.27480684145138e-06
1.43700000000000e-07,1.19999999999998e-01,4.00000000000000e-01,-7.45889236312795e-06
1.44000000000000e-07,0.00000000000000e+00,4.00000000000000e-01,3.40535183063432e-05
1.44056224376876e-07,0.00000000000000e+00,4.00000000000000e-01,2.26603181933786e-05
1.44168673130629e-07,0.00000000000000e+00,4.00000000000000e-01,-7.45215662132509e-05
1.44311252630877e-07,0.00000000000000e+00,4.00000000000000e-01,4.36768849619608e-05
1.44469351851241e-07,0.00000000000000e+00,4.00000000000000e-01,-4.33013482227865e-05
1.44645185614425e-07,0.00000000000000e+00,4.00000000000000e-01,4.83393917141556e-05
1.44821590687283e-07,0.00000000000000e+00,4.00000000000000e-01,-5.07940655846070e-05
1.45065615374455e-07,0.00000000000000e+00,4.00000000000000e-01,5.01719807144627e-05
1.45290079915070e-07,0.00000000000000e+00,4.00000000000000e-01,-4.65172669630778e-05
1.45645978957384e-07,0.00000000000000e+00,4.00000000000000e-01,4.42681925479048e-05
1.46054562110677e-07,0.00000000000000e+00,4.00000000000000e-01,-4.11145906336462e-05
1.46616735214470e-07,0.00000000000000e+00,4.00000000000000e-01,3.95406313357756e-05
1.47388844708052e-07,0.00000000000000e+00,4.00000000000000e-01,-3.75067367126584e-05
1.48407112227398e-07,0.00000000000000e+00,4.00000000000000e-01,3.68016550666684e-05
1.49854839556185e-07,0.00000000000000e+00,4.00000000000000e-01,-3.54626032207624e-05
1.51826870335893e-07,0.00000000000000e+00,4.00000000000000e-01,3.53295225305856e-05
1.54000000000000e-07,0.00000000000000e+00,4.00000000000000e-01,-3.42640469950788e-05
1.54100000000000e-07,4.00000000000030e-02,3.59999999999998e-01,1.50384030608366e-05
1.54300000000000e-07,1.19999999999998e-01,2.80000000000003e-01,1.42321882732992e-06
1.54655800566014e-07,2.62320226405477e-01,1.37679773594525e-01,9.13067777582981e-06
1.55000000000000e-07,3.99999999999998e-01,3.10862446895044e-15,-1.05140627635284e-03
1.55039115074947e-07,4.00000000000000e-01,0.00000000000000e+00,-3.34541930923104e-03
1.55117345224840e-07,4.00000000000000e-01,0.00000000000000e+00,-2.27039385301553e-02
1.55273805524626e-07,4.00000000000000e-01,0.00000000000000e+00,1.65847312199844e-01
1.55413933371374e-07,4.00000000000000e-01,0.00000000000000e+00,3.92138291292588e-01
1.55568281922156e-07,4.00000000000000e-01,0.00000000000000e+00,4.03874645295446e-01
1.55768621762540e-07,4.00000000000000e-01,0.00000000000000e+00,3.96888408250539e-01
1.55982942861702e-07,4.00000000000000e-01,0.00000000000000e+00,4.02354763624216e-01
1.56243079462721e-07,4.00000000000000e-01,0.00000000000000e+00,3.97890231126622e-01
1.56669004875983e-07,4.00000000000000e-01,0.00000000000000e+00,4.01805028973669e-01
1.57246784631227e-07,4.00000000000000e-01,0.00000000000000e+00,3.98203853412075e-01
1.58263092185262e-07,4.00000000000000e-01,0.00000000000000e+00,4.01613531319585e-01
1.59907241798053e-07,4.00000000000000e-01,0.00000000000000e+00,3.98310133662951e-01
1.62871731011503e-07,4.00000000000000e-01,0.00000000000000e+00,4.01552024743308e-01
1.65000000000000e-07,3.99999999999998e-01,0.00000000000000e+00,3.98361099784430e-01
1.65100000000000e-07,3.59999999999995e-01,0.00000000000000e+00,3.99764588485731e-01
1.65300000000000e-07,2.80000000000000e-01,0.00000000000000e+00,4.00083109958514e-01
1.65700000000000e-07,1.19999999999998e-01,0.00000000000000e+00,3.99808496965320e-01
1.66000000000000e-07,0.00000000000000e+00,0.00000000000000e+00,4.00081115674519e-01
1.66045879651536e-07,0.00000000000000e+00,0.00000000000000e+00,3.99972974635587e-01
1.66137638954607e-07,0.00000000000000e+00,0.00000000000000e+00,3.99832143112091e-01
1.66273958681531e-07,0.00000000000000e+00,0.00000000000000e+00,3.99980803946800e-01
1.66433242878652e-07,0.00000000000000e+00,0.00000000000000e+00,3.99917328661389e-01
1.66606149064310e-07,0.00000000000000e+00,0.00000000000000e+00,3.99945925464388e-01
1.66801607421821e-07,0.00000000000000e+00,0.00000000000000e+00,3.99936998702794e-01
1.67000000000000e-07,0.00000000000000e+00,0.00000000000000e+00,3.99930745148141e-01
1.67020398037209e-07,0.00000000000000e+00,8.15921488352720e-03,3.99942619510946e-01
1.67061194111626e-07,0.00000000000000e+00,2.44776446505922e-02,3.99941046426950e-01
1.67142786260462e-07,0.00000000000000e+00,5.71145041847222e-02,3.99933294752268e-01
1.67305970558132e-07,0.00000000000000e+00,1.22388223252972e-01,3.99940629273371e-01
1.67632339153474e-07,0.00000000000000e+00,2.52935661389470e-01,3.99933756252091e-01
1.68000000000000e-07,0.00000000000000e+00,3.99999999999998e-01,3.99940616056163e-01
1.68044317366836e-07,0.00000000000000e+00,4.00000000000000e-01,3.99945506270580e-01
1.68132952100508e-07,0.00000000000000e+00,4.00000000000000e-01,3.99927996458128e-01
1.68290026327856e-07,0.00000000000000e+00,4.00000000000000e-01,3.99938211995769e-01
1.68460151474924e-07,0.00000000000000e+00,4.00000000000000e-01,3.99947630490613e-01
1.68627069722642e-07,0.00000000000000e+00,4.00000000000000e-01,3.99915249740603e-01
1.68880455899583e-07,0.00000000000000e+00,4.00000000000000e-01,3.99963751565406e-01
1.69132236925156e-07,0.00000000000000e+00,4.00000000000000e-01,3.99908896817698e-01
1.69551600929814e-07,0.00000000000000e+00,4.00000000000000e-01,3.99965309193861e-01
1.70082665338355e-07,0.00000000000000e+00,4.00000000000000e-01,3.99909650205061e-01
1.70853747431750e-07,0.00000000000000e+00,4.00000000000000e-01,3.99964142565953e-01
1.71998287602734e-07,0.00000000000000e+00,4.00000000000000e-01,3.99910729138494e-01
1.73608684058134e-07,0.00000000000000e+00,4.00000000000000e-01,3.99963294419104e-01
1.76000000000000e-07,0.00000000000000e+00,4.00000000000000e-01,3.99911365706432e-01
1.76100000000000e-07,4.00000000000030e-02,4.00000000000000e-01,3.99951306178073e-01
1.76300000000000e-07,1.19999999999998e-01,4.00000000000000e-01,3.99919328122979e-01
1.76700000000000e-07,2.80000000000000e-01,4.00000000000000e-01,3.99937795247780e-01
1.77000000000000e-07,3.99999999999998e-01,4.00000000000000e-01,3.99902977402773e-01
1.77036031240976e-07,4.00000000000000e-01,4.00000000000000e-01,3.99985637012811e-01
1.77108093722929e-07,4.00000000000000e-01,4.00000000000000e-01,4.00033817422347e-01
1.77252218686834e-07,4.00000000000000e-01,4.00000000000000e-01,3.99872339979348e-01
1.77503394272359e-07,4.00000000000000e-01,4.00000000000000e-01,3.99979955508810e-01
1.77846256867545e-07,4.00000000000000e-01,4.00000000000000e-01,3.99907187815122e-01
1.78531982057917e-07,4.00000000000000e-01,4.00000000000000e-01,3.99961607332913e-01
1.79903432438661e-07,4.00000000000000e-01,4.00000000000000e-01,3.99915284397576e-01
1.82646333200148e-07,4.00000000000000e-01,4.00000000000000e-01,3.99957854987628e-01
1.86000000000000e-07,4.00000000000000e-01,4.00000000000000e-01,3.99917476061218e-01
1.86100000000000e-07,4.00000000000000e-01,3.59999999999998e-01,3.99930434218383e-01
1.86300000000000e-07,4.00000000000000e-01,2.80000000000003e-01,3.99941582244003e-01
1.86700000000000e-07,4.00000000000000e-01,1.20000000000001e-01,3.99933785359102e-01
1.87000000000000e-07,4.00000000000000e-01,3.10862446895044e-15,3.99939588067972e-01
1.87067962598687e-07,3.72814960525216e-01,0.00000000000000e+00,3.99921753033796e-01
1.87203887796061e-07,3.18444881575641e-01,0.00000000000000e+00,3.99957754187165e-01
1.87475738190809e-07,2.09704723676490e-01,0.00000000000000e+00,3.99926037248376e-01
1.87779108658960e-07,8.83565364159639e-02,0.00000000000000e+00,3.99949954210084e-01
1.88000000000000e-07,0.00000000000000e+00,0.00000000000000e+00,3.99979052069087e-01
1.88041968903630e-07,0.00000000000000e+00,0.00000000000000e+00,3.99930830888952e-01
1.88125906710890e-07,0.00000000000000e+00,0.00000000000000e+00,3.99818899003814e-01
1.88293782325411e-07,0.00000000000000e+00,0.00000000000000e+00,4.00020254289947e-01
1.88445723161464e-07,0.00000000000000e+00,0.00000000000000e+00,3.99881483771552e-01
1.88619878280755e-07,0.00000000000000e+00,0.00000000000000e+00,3.99975220663081e-01
1.88820644825619e-07,0.00000000000000e+00,0.00000000000000e+00,3.99912920950279e-01
1.89028800980815e-07,0.00000000000000e+00,0.00000000000000e+00,3.99961202071738e-01
1.89445113291209e-07,0.00000000000000e+00,0.00000000000000e+00,3.99919418991352e-01
1.90229477585172e-07,0.00000000000000e+00,0.00000000000000e+00,3.99952074326815e-01
1.91619744510631e-07,0.00000000000000e+00,0.00000000000000e+00,3.99923840213132e-01
1.94400278361549e-07,0.00000000000000e+00,0.00000000000000e+00,3.99949828062716e-01
1.98000000000000e-07,0.00000000000000e+00,0.00000000000000e+00,3.99925147934592e-01
1.98100000000000e-07,4.00000000000030e-02,0.00000000000000e+00,3.99950347297160e-01
1.98300000000000e-07,1.19999999999998e-01,0.00000000000000e+00,3.99910026599541e-01
1.98636820909055e-07,2.54728363621838e-01,0.00000000000000e+00,3.99700044539924e-01
1.99000000000000e-07,3.99999999999988e-01,0.00000000000000e+00,4.32221404479460e-01
1.99037608727879e-07,4.00000000000000e-01,1.50434911515339e-02,4.24285695537781e-01
1.99112826183637e-07,4.00000000000000e-01,4.51304734546336e-02,3.00340271364948e-01
1.99263261095152e-07,4.00000000000000e-01,1.05304438060822e-01,8.28609368310366e-03
1.99401084497876e-07,4.00000000000000e-01,1.60433799150222e-01,-6.03823672978968e-04
1.99593426818865e-07,4.00000000000000e-01,2.37370727545870e-01,8.12768652104050e-04
1.99838510128426e-07,4.00000000000000e-01,3.35404051370312e-01,-8.50389413111783e-04
2.00000000000000e-07,4.00000000000000e-01,3.99999999999998e-01,8.15990002460409e-04
2.00025818609539e-07,4.00000000000000e-01,4.00000000000000e-01,9.26024081657761e-05
2.00077455828616e-07,4.00000000000000e-01,4.00000000000000e-01,-9.67905832416696e-05
2.00180730266771e-07,4.00000000000000e-01,4.00000000000000e-01,8.93442446393278e-05
2.00387279143080e-07,4.00000000000000e-01,4.00000000000000e-01,-8.45763624593588e-05
2.00800376895698e-07,4.00000000000000e-01,4.00000000000000e-01,8.26597428635395e-05
2.01626572400935e-07,4.00000000000000e-01,4.00000000000000e-01,-8.09654736868212e-05
2.03278963411408e-07,4.00000000000000e-01,4.00000000000000e-01,8.08260507750339e-05
2.06583745432355e-07,4.00000000000000e-01,4.00000000000000e-01,-8.00417646080827e-05
2.09000000000000e-07,3.99999999999998e-01,4.00000000000000e-01,8.00946941172535e-05
2.09100000000000e-07,3.59999999999995e-01,4.00000000000000e-01,-4.38839080655999e-06
2.09300000000000e-07,2.80000000000000e-01,4.00000000000000e-01,6.04808935131089e-06
2.09700000000000e-07,1.19999999999998e-01,4.00000000000000e-01,-4.20023013671632e-06
2.10000000000000e-07,0.00000000000000e+00,4.00000000000000e-01,3.07511363596205e-05
2.10055771905134e-07,0.00000000000000e+00,4.00000000000000e-01,2.27054049072306e-05
2.10167315715401e-07,0.00000000000000e+00,4.00000000000000e-01,-7.44465317659045e-05
2.10309196973657e-07,0.00000000000000e+00,4.00000000000000e-01,4.31851680850436e-05
2.10466752139284e-07,0.00000000000000e+00,4.00000000000000e-01,-4.29222226427661e-05
2.10643151557919e-07,0.00000000000000e+00,4.00000000000000e-01,4.80539647165004e-05
2.10818372574501e-07,0.00000000000000e+00,4.00000000000000e-01,-5.06065203936257e-05
2.11063316770262e-07,0.00000000000000e+00,4.00000000000000e-01,5.00218997679484e-05
2.11285498872646e-07,0.00000000000000e+00,4.00000000000000e-01,-4.63521302389355e-05
2.11639950886855e-07,0.00000000000000e+00,4.00000000000000e-01,4.40962876177911e-05
2.12044912659442e-07,0.00000000000000e+00,4.00000000000000e-01,-4.09197883460485e-05
2.12601112832276e-07,0.00000000000000e+00,4.00000000000000e-01,3.93237261338795e-05
2.13365114577538e-07,0.00000000000000e+00,4.00000000000000e-01,-3.72729956748773e-05
2.14369558067463e-07,0.00000000000000e+00,4.00000000000000e-01,3.65510182536648e-05
2.15797502836369e-07,0.00000000000000e+00,4.00000000000000e-01,-3.51998655479576e-05
2.17749310511487e-07,0.00000000000000e+00,4.00000000000000e-01,3.50600548188712e-05
2.18000000000000e-07,0.00000000000000e+00,4.00000000000000e-01,-2.95857090868469e-05
2.18065765674244e-07,0.00000000000000e+00,3.73693730302513e-01,-4.09282911397260e-06
2.18197297022731e-07,0.00000000000000e+00,3.21081190907535e-01,4.06037813358365e-06
2.18460359719706e-07,0.00000000000000e+00,2.15856112117570e-01,-3.30021596127439e-06
2.18871001841921e-07,0.00000000000000e+00,5.15992632315976e-02,4.23211569506622e-06
2.19000000000000e-07,0.00000000000000e+00,3.10862446895044e-15,-4.46415323142671e-06
2.19044551148220e-07,0.00000000000000e+00,0.00000000000000e+00,-2.64954763546169e-06
2.19133653444661e-07,0.00000000000000e+00,0.00000000000000e+00,-4.35363888174820e-06
2.19311858037542e-07,0.00000000000000e+00,0.00000000000000e+00,7.17602491807565e-06
2.19456367796539e-07,0.00000000000000e+00,0.00000000000000e+00,3.88993328808221e-06
2.19629035446285e-07,0.00000000000000e+00,0.00000000000000e+00,-1.88092746785072e-05
2.19836458240589e-07,0.00000000000000e+00,0.00000000000000e+00,2.84039249912986e-05
2.20000000000000e-07,0.00000000000000e+00,0.00000000000000e+00,-3.12229866586966e-05
