0.00000000000000e+00,0.00000000000000e+00,0.00000000000000e+00,0.00000000000000e+00,8.26087014561379e-07,0.00000000000000e+00
5.00000000000000e-13,3.00000000000000e-03,0.00000000000000e+00,0.00000000000000e+00,1.73745913004002e-05,0.00000000000000e+00
1.00000000000000e-12,6.00000000000000e-03,0.00000000000000e+00,0.00000000000000e+00,3.76660318520721e-05,0.00000000000000e+00
2.00000000000000e-12,1.20000000000000e-02,0.00000000000000e+00,0.00000000000000e+00,7.81059585168663e-05,0.00000000000000e+00
4.00000000000000e-12,2.40000000000000e-02,0.00000000000000e+00,0.00000000000000e+00,1.55469009806899e-04,0.00000000000000e+00
8.00000000000000e-12,4.80000000000000e-02,0.00000000000000e+00,0.00000000000000e+00,2.96385274446687e-04,0.00000000000000e+00
1.60000000000000e-11,9.60000000000000e-02,0.00000000000000e+00,0.00000000000000e+00,5.31051576659314e-04,0.00000000000000e+00
3.20000000000000e-11,1.92000000000000e-01,0.00000000000000e+00,0.00000000000000e+00,8.98485711234753e-04,0.00000000000000e+00
6.40000000000000e-11,3.84000000000000e-01,0.00000000000000e+00,0.00000000000000e+00,1.42063573970144e-03,0.00000000000000e+00
1.00000000000000e-10,6.00000000000000e-01,0.00000000000000e+00,0.00000000000000e+00,1.00943502560015e-03,0.00000000000000e+00
1.06400000000000e-10,6.00000000000000e-01,0.00000000000000e+00,0.00000000000000e+00,4.35286579790773e-04,0.00000000000000e+00
1.19200000000000e-10,6.00000000000000e-01,0.00000000000000e+00,0.00000000000000e+00,-6.01415177678111e-04,0.00000000000000e+00
1.44800000000000e-10,6.00000000000000e-01,0.00000000000000e+00,0.00000000000000e+00,-1.82137503212273e-03,0.00000000000000e+00
1.96000000000000e-10,6.00000000000000e-01,0.00000000000000e+00,0.00000000000000e+00,-1.50803529419431e-03,0.00000000000000e+00
2.97991466151808e-10,6.00000000000000e-01,0.00000000000000e+00,0.00000000000000e+00,5.08159008553308e-04,0.00000000000000e+00
4.51891069970149e-10,6.00000000000000e-01,0.00000000000000e+00,0.00000000000000e+00,2.19025315435130e-04,0.00000000000000e+00
6.67420703847400e-10,6.00000000000000e-01,0.00000000000000e+00,0.00000000000000e+00,-9.65203294253032e-05,0.00000000000000e+00
9.26109592403611e-10,6.00000000000000e-01,0.00000000000000e+00,0.00000000000000e+00,5.79980818025361e-05,0.00000000000000e+00
1.33806747870396e-09,6.00000000000000e-01,0.00000000000000e+00,0.00000000000000e+00,-4.72098006485875e-05,0.00000000000000e+00
2.16198325130467e-09,6.00000000000000e-01,0.00000000000000e+00,0.00000000000000e+00,4.42291458413413e-05,0.00000000000000e+00
3.80981479650608e-09,6.00000000000000e-01,0.00000000000000e+00,0.00000000000000e+00,-4.02213503950575e-05,0.00000000000000e+00
5.10000000000000e-09,6.00000000000000e-01,0.00000000000000e+00,0.00000000000000e+00,3.88839795197563e-05,0.00000000000000e+00
5.11000000000000e-09,5.40000000000002e-01,0.00000000000000e+00,0.00000000000000e+00,-4.89053056612495e-04,0.00000000000000e+00
5.13000000000000e-09,4.19999999999999e-01,0.00000000000000e+00,0.00000000000000e+00,-1.21720174941703e-03,0.00000000000000e+00
5.17000000000000e-09,1.80000000000000e-01,0.00000000000000e+00,0.00000000000000e+00,-1.52187872952715e-03,0.00000000000000e+00
5.20000000000000e-09,0.00000000000000e+00,0.00000000000000e+00,0.00000000000000e+00,-1.17069620865337e-03,0.00000000000000e+00
5.20800000000000e-09,0.00000000000000e+00,0.00000000000000e+00,0.00000000000000e+00,-6.84887992651666e-04,0.00000000000000e+00
5.22400000000000e-09,0.00000000000000e+00,0.00000000000000e+00,0.00000000000000e+00,5.48554529637170e-05,0.00000000000000e+00
5.25600000000000e-09,0.00000000000000e+00,0.00000000000000e+00,0.00000000000000e+00,5.93735227868839e-04,0.00000000000000e+00
5.32000000000000e-09,0.00000000000000e+00,0.00000000000000e+00,0.00000000000000e+00,6.35872210762382e-04,0.00000000000000e+00
5.44800000000000e-09,0.00000000000000e+00,0.00000000000000e+00,0.00000000000000e+00,3.78780498233184e-04,0.00000000000000e+00
5.65511468914895e-09,0.00000000000000e+00,0.00000000000000e+00,0.00000000000000e+00,-6.19893809163675e-05,0.00000000000000e+00
6.00239877670502e-09,0.00000000000000e+00,0.00000000000000e+00,0.00000000000000e+00,-8.21213413722697e-05,0.00000000000000e+00
6.46531575663499e-09,0.00000000000000e+00,0.00000000000000e+00,0.00000000000000e+00,8.71512676997851e-05,0.00000000000000e+00
7.00000000000000e-09,0.00000000000000e+00,0.00000000000000e+00,0.00000000000000e+00,-5.45010599173199e-05,0.00000000000000e+00
7.01000000000000e-09,0.00000000000000e+00,0.00000000000000e+00,5.99999999999986e-02,-4.67544447988428e-05,0.00000000000000e+00
7.03000000000000e-09,0.00000000000000e+00,0.00000000000000e+00,1.80000000000001e-01,-3.34240233975447e-05,0.00000000000000e+00
7.07000000000000e-09,0.00000000000000e+00,0.00000000000000e+00,4.20000000000000e-01,-2.13205161084704e-05,0.00000000000000e+00
7.10000000000000e-09,0.00000000000000e+00,0.00000000000000e+00,6.00000000000000e-01,-1.66946625223558e-05,0.00000000000000e+00
7.10800000000000e-09,0.00000000000000e+00,0.00000000000000e+00,6.00000000000000e-01,-1.81732922181239e-05,0.00000000000000e+00
7.12400000000000e-09,0.00000000000000e+00,0.00000000000000e+00,6.00000000000000e-01,-1.53440702386054e-05,0.00000000000000e+00
7.15600000000000e-09,0.00000000000000e+00,0.00000000000000e+00,6.00000000000000e-01,-3.51307955718157e-06,0.00000000000000e+00
7.22000000000000e-09,0.00000000000000e+00,0.00000000000000e+00,6.00000000000000e-01,7.32966698541548e-06,0.00000000000000e+00
7.34800000000000e-09,0.00000000000000e+00,0.00000000000000e+00,6.00000000000000e-01,1.88653445180664e-07,0.00000000000000e+00
7.60400000000000e-09,0.00000000000000e+00,0.00000000000000e+00,6.00000000000000e-01,-7.90217243476320e-07,0.00000000000000e+00
8.11600000000000e-09,0.00000000000000e+00,0.00000000000000e+00,6.00000000000000e-01,2.21578550958713e-06,0.00000000000000e+00
9.00322071027807e-09,0.00000000000000e+00,0.00000000000000e+00,6.00000000000000e-01,-5.74103149981107e-07,0.00000000000000e+00
1.00000000000000e-08,0.00000000000000e+00,0.00000000000000e+00,6.00000000000000e-01,1.99465868065163e-06,0.00000000000000e+00
1.00100000000000e-08,5.99999999999986e-02,0.00000000000000e+00,6.00000000000000e-01,3.82312429505977e-04,0.00000000000000e+00
1.00300000000000e-08,1.79999999999996e-01,0.00000000000000e+00,6.00000000000000e-01,1.14319006860406e-03,0.00000000000000e+00
1.00700000000000e-08,4.19999999999990e-01,0.00000000000000e+00,6.00000000000000e-01,1.89552931828589e-03,0.00000000000000e+00
1.01000000000000e-08,5.99999999999995e-01,0.00000000000000e+00,6.00000000000000e-01,1.40775733926455e-03,0.00000000000000e+00
1.01080000000000e-08,6.00000000000000e-01,0.00000000000000e+00,6.00000000000000e-01,6.91797899704302e-04,0.00000000000000e+00
1.01240000000000e-08,6.00000000000000e-01,0.00000000000000e+00,6.00000000000000e-01,-5.74276400764903e-04,0.00000000000000e+00
1.01560000000000e-08,6.00000000000000e-01,0.00000000000000e+00,6.00000000000000e-01,-1.78564496047213e-03,0.00000000000000e+00
1.02200000000000e-08,6.00000000000000e-01,0.00000000000000e+00,6.00000000000000e-01,-1.00195941935366e-03,0.00000000000000e+00
1.03480000000000e-08,6.00000000000000e-01,0.00000000000000e+00,6.00000000000000e-01,7.06220961138474e-04,0.00000000000000e+00
1.05037234273447e-08,6.00000000000000e-01,0.00000000000000e+00,6.00000000000000e-01,-2.44764602218537e-04,0.00000000000000e+00
1.07281467263611e-08,6.00000000000000e-01,0.00000000000000e+00,6.00000000000000e-01,3.88685348148531e-05,0.00000000000000e+00
1.10344101022313e-08,6.00000000000000e-01,0.00000000000000e+00,6.00000000000000e-01,-6.54629520846903e-05,0.00000000000000e+00
1.15844689220443e-08,6.00000000000000e-01,0.00000000000000e+00,6.00000000000000e-01,4.96582549586624e-05,0.00000000000000e+00
1.26845865616704e-08,6.00000000000000e-01,0.00000000000000e+00,6.00000000000000e-01,-4.15145843291461e-05,0.00000000000000e+00
1.48848218409226e-08,6.00000000000000e-01,0.00000000000000e+00,6.00000000000000e-01,4.03278483981813e-05,0.00000000000000e+00
1.51000000000000e-08,6.00000000000000e-01,0.00000000000000e+00,6.00000000000000e-01,-1.82755215633929e-05,0.00000000000000e+00
1.51100000000000e-08,5.39999999999997e-01,0.00000000000000e+00,6.00000000000000e-01,-5.36418043477164e-04,0.00000000000000e+00
1.51300000000000e-08,4.19999999999999e-01,0.00000000000000e+00,6.00000000000000e-01,-1.24254905121186e-03,0.00000000000000e+00
1.51700000000000e-08,1.80000000000005e-01,0.00000000000000e+00,6.00000000000000e-01,-1.52380912381557e-03,0.00000000000000e+00
1.52000000000000e-08,0.00000000000000e+00,0.00000000000000e+00,6.00000000000000e-01,-1.17013036223088e-03,0.00000000000000e+00
1.52080000000000e-08,0.00000000000000e+00,0.00000000000000e+00,6.00000000000000e-01,-6.84126325801534e-04,0.00000000000000e+00
1.52240000000000e-08,0.00000000000000e+00,0.00000000000000e+00,6.00000000000000e-01,5.56906545278218e-05,0.00000000000000e+00
1.52560000000000e-08,0.00000000000000e+00,0.00000000000000e+00,6.00000000000000e-01,5.94499401045867e-04,0.00000000000000e+00
1.53200000000000e-08,0.00000000000000e+00,0.00000000000000e+00,6.00000000000000e-01,6.36222195223161e-04,0.00000000000000e+00
1.54480000000000e-08,0.00000000000000e+00,0.00000000000000e+00,6.00000000000000e-01,3.78679730634582e-04,0.00000000000000e+00
1.56550909088432e-08,0.00000000000000e+00,0.00000000000000e+00,6.00000000000000e-01,-6.19834322656091e-05,0.00000000000000e+00
1.60024105879386e-08,0.00000000000000e+00,0.00000000000000e+00,6.00000000000000e-01,-8.20641154860137e-05,0.00000000000000e+00
1.64654414252711e-08,0.00000000000000e+00,0.00000000000000e+00,6.00000000000000e-01,8.71009734097463e-05,0.00000000000000e+00
1.70000000000000e-08,0.00000000000000e+00,0.00000000000000e+00,6.00000000000000e-01,-5.44495262400800e-05,0.00000000000000e+00
1.70100000000000e-08,0.00000000000000e+00,6.00000000000085e-02,6.00000000000000e-01,3.28298483460471e-04,0.00000000000000e+00
1.70300000000000e-08,0.00000000000000e+00,1.80000000000006e-01,6.00000000000000e-01,7.82003278778572e-04,0.00000000000000e+00
1.70700000000000e-08,0.00000000000000e+00,4.20000000000000e-01,6.00000000000000e-01,4.77596374572905e-04,0.00000000000000e+00
1.71000000000000e-08,0.00000000000000e+00,6.00000000000000e-01,6.00000000000000e-01,-1.65210943794022e-03,0.00000000000000e+00
1.71080000000000e-08,0.00000000000000e+00,6.00000000000000e-01,6.00000000000000e-01,-2.62392899323589e-03,0.00000000000000e+00
1.71240000000000e-08,0.00000000000000e+00,6.00000000000000e-01,6.00000000000000e-01,-4.05686466838276e-03,0.00000000000000e+00
1.71560000000000e-08,0.00000000000000e+00,6.00000000000000e-01,6.00000000000000e-01,-5.20665782178833e-03,0.00000000000000e+00
1.72200000000000e-08,0.00000000000000e+00,6.00000000000000e-01,6.00000000000000e-01,-6.54526596532388e-03,0.00000000000000e+00
1.73063877857234e-08,0.00000000000000e+00,6.00000000000000e-01,6.00000000000000e-01,-3.02514920396670e-03,0.00000000000000e+00
1.74426386170438e-08,0.00000000000000e+00,6.00000000000000e-01,6.00000000000000e-01,1.26176456714134e-03,0.00000000000000e+00
1.76254525309820e-08,0.00000000000000e+00,6.00000000000000e-01,6.00000000000000e-01,6.35626387113479e-04,0.00000000000000e+00
1.78807887007704e-08,0.00000000000000e+00,6.00000000000000e-01,6.00000000000000e-01,2.07959752237923e-05,0.00000000000000e+00
1.81651370436591e-08,0.00000000000000e+00,6.00000000000000e-01,6.00000000000000e-01,3.82869759204205e-04,0.00000000000000e+00
1.84996213295076e-08,0.00000000000000e+00,6.00000000000000e-01,6.00000000000000e-01,1.25341678926510e-04,0.00000000000000e+00
1.88494204613029e-08,0.00000000000000e+00,6.00000000000000e-01,6.00000000000000e-01,2.02164410311777e-06,0.00000000000000e+00
1.92270066159024e-08,0.00000000000000e+00,6.00000000000000e-01,6.00000000000000e-01,2.39697755362346e-04,0.00000000000000e+00
1.96229062361559e-08,0.00000000000000e+00,6.00000000000000e-01,6.00000000000000e-01,-4.63521384944311e-05,0.00000000000000e+00
2.00000000000000e-08,0.00000000000000e+00,6.00000000000000e-01,6.00000000000000e-01,2.01429407929274e-04,0.00000000000000e+00
2.00100000000000e-08,6.00000000000085e-02,6.00000000000000e-01,6.00000000000000e-01,5.44629606532116e-04,0.00000000000000e+00
2.00300000000000e-08,1.80000000000006e-01,6.00000000000000e-01,6.00000000000000e-01,1.27938236973198e-03,0.00000000000000e+00
2.00700000000000e-08,4.20000000000000e-01,6.00000000000000e-01,6.00000000000000e-01,2.40328120782516e-03,0.00000000000000e+00
2.01000000000000e-08,6.00000000000000e-01,6.00000000000000e-01,6.00000000000000e-01,2.78216279083986e-03,0.00000000000000e+00
2.01076032218435e-08,6.00000000000000e-01,6.00000000000000e-01,6.00000000000000e-01,2.29423937751288e-03,0.00000000000000e+00
2.01228096655306e-08,6.00000000000000e-01,6.00000000000000e-01,6.00000000000000e-01,1.44925631046518e-03,0.00000000000000e+00
2.01532225529047e-08,6.00000000000000e-01,6.00000000000000e-01,6.00000000000000e-01,3.06477356836765e-04,0.00000000000000e+00
2.02140483276530e-08,6.00000000000000e-01,6.00000000000000e-01,6.00000000000000e-01,-1.84556792194508e-04,0.00000000000000e+00
2.03346578362322e-08,6.00000000000000e-01,6.00000000000000e-01,6.00000000000000e-01,3.16004290965175e-04,0.00000000000000e+00
2.05045705470159e-08,6.00000000000000e-01,6.00000000000000e-01,6.00000000000000e-01,-1.30964957215226e-03,0.00000000000000e+00
2.07553180966813e-08,6.00000000000000e-01,6.00000000000000e-01,6.00000000000000e-01,-1.20057864836658e-02,0.00000000000000e+00
2.10260400754460e-08,6.00000000000000e-01,6.00000000000000e-01,6.00000000000000e-01,3.60282367365206e-03,0.00000000000000e+00
2.11000000000000e-08,6.00000000000000e-01,6.00000000000000e-01,5.99999999999980e-01,5.13514493421136e-02,0.00000000000000e+00
2.11100000000000e-08,6.00000000000000e-01,6.00000000000000e-01,5.39999999999972e-01,6.24853297142855e-02,0.00000000000000e+00
2.11300000000000e-08,6.00000000000000e-01,6.00000000000000e-01,4.19999999999975e-01,8.62384505076214e-02,0.00000000000000e+00
2.11700000000000e-08,6.00000000000000e-01,6.00000000000000e-01,1.79999999999980e-01,1.40895118376426e-01,0.00000000000000e+00
2.12000000000000e-08,6.00000000000000e-01,6.00000000000000e-01,0.00000000000000e+00,1.86813598188717e-01,0.00000000000000e+00
2.12080000000000e-08,6.00000000000000e-01,6.00000000000000e-01,0.00000000000000e+00,1.99762693972523e-01,0.00000000000000e+00
2.12240000000000e-08,6.00000000000000e-01,6.00000000000000e-01,0.00000000000000e+00,2.26051924313350e-01,0.00000000000000e+00
2.12560000000000e-08,6.00000000000000e-01,6.00000000000000e-01,0.00000000000000e+00,2.80542990943464e-01,0.00000000000000e+00
2.13200000000000e-08,6.00000000000000e-01,6.00000000000000e-01,0.00000000000000e+00,3.90569162311300e-01,0.00000000000000e+00
2.14480000000000e-08,6.00000000000000e-01,6.00000000000000e-01,0.00000000000000e+00,5.33569811602363e-01,0.00000000000000e+00
2.16852310531952e-08,6.00000000000000e-01,6.00000000000000e-01,0.00000000000000e+00,6.04709443996780e-01,0.00000000000000e+00
2.19065236471642e-08,6.00000000000000e-01,6.00000000000000e-01,0.00000000000000e+00,6.02306409349907e-01,0.00000000000000e+00
2.21408793507810e-08,6.00000000000000e-01,6.00000000000000e-01,0.00000000000000e+00,6.01361242505621e-01,0.00000000000000e+00
2.24939455225992e-08,6.00000000000000e-01,6.00000000000000e-01,0.00000000000000e+00,6.00967163209693e-01,0.00000000000000e+00
2.28656908949780e-08,6.00000000000000e-01,6.00000000000000e-01,0.00000000000000e+00,6.00534777841840e-01,0.00000000000000e+00
2.32859353407772e-08,6.00000000000000e-01,6.00000000000000e-01,0.00000000000000e+00,6.00378757817642e-01,0.00000000000000e+00
2.37334627994309e-08,6.00000000000000e-01,6.00000000000000e-01,0.00000000000000e+00,6.00341042243764e-01,0.00000000000000e+00
2.41418022100371e-08,6.00000000000000e-01,6.00000000000000e-01,0.00000000000000e+00,6.00183983089382e-01,0.00000000000000e+00
2.47250662262456e-08,6.00000000000000e-01,6.00000000000000e-01,0.00000000000000e+00,6.00238792783206e-01,0.00000000000000e+00
2.51000000000000e-08,6.00000000000000e-01,6.00000000000000e-01,0.00000000000000e+00,6.00100937283835e-01,0.00000000000000e+00
2.51100000000000e-08,5.39999999999997e-01,6.00000000000000e-01,0.00000000000000e+00,5.99713556326394e-01,0.00000000000000e+00
2.51300000000000e-08,4.19999999999999e-01,6.00000000000000e-01,0.00000000000000e+00,5.99030986097119e-01,0.00000000000000e+00
2.51700000000000e-08,1.80000000000005e-01,6.00000000000000e-01,0.00000000000000e+00,5.98114927116811e-01,0.00000000000000e+00
2.52000000000000e-08,0.00000000000000e+00,6.00000000000000e-01,0.00000000000000e+00,5.98272271390382e-01,0.00000000000000e+00
2.52080000000000e-08,0.00000000000000e+00,6.00000000000000e-01,0.00000000000000e+00,5.98975310018186e-01,0.00000000000000e+00
2.52240000000000e-08,0.00000000000000e+00,6.00000000000000e-01,0.00000000000000e+00,6.00148064298386e-01,0.00000000000000e+00
2.52560000000000e-08,0.00000000000000e+00,6.00000000000000e-01,0.00000000000000e+00,6.01554140200157e-01,0.00000000000000e+00
2.53200000000000e-08,0.00000000000000e+00,6.00000000000000e-01,0.00000000000000e+00,6.01932925521732e-01,0.00000000000000e+00
2.54480000000000e-08,0.00000000000000e+00,6.00000000000000e-01,0.00000000000000e+00,6.00790985813367e-01,0.00000000000000e+00
2.56997467359799e-08,0.00000000000000e+00,6.00000000000000e-01,0.00000000000000e+00,5.99423741399126e-01,0.00000000000000e+00
2.59858862310173e-08,0.00000000000000e+00,6.00000000000000e-01,0.00000000000000e+00,6.00050242428733e-01,0.00000000000000e+00
2.62844777066475e-08,0.00000000000000e+00,6.00000000000000e-01,0.00000000000000e+00,6.00170320754629e-01,0.00000000000000e+00
2.66076611857628e-08,0.00000000000000e+00,6.00000000000000e-01,0.00000000000000e+00,6.00058511771594e-01,0.00000000000000e+00
2.71069822998205e-08,0.00000000000000e+00,6.00000000000000e-01,0.00000000000000e+00,6.00118504217430e-01,0.00000000000000e+00
2.76272136583882e-08,0.00000000000000e+00,6.00000000000000e-01,0.00000000000000e+00,6.00055023950959e-01,0.00000000000000e+00
2.82685507971353e-08,0.00000000000000e+00,6.00000000000000e-01,0.00000000000000e+00,6.00079627298853e-01,0.00000000000000e+00
2.95512250746296e-08,0.00000000000000e+00,6.00000000000000e-01,0.00000000000000e+00,6.00041565649176e-01,0.00000000000000e+00
3.00000000000000e-08,0.00000000000000e+00,6.00000000000000e-01,0.00000000000000e+00,6.00051731876942e-01,0.00000000000000e+00
3.00100000000000e-08,5.99999999999886e-02,6.00000000000000e-01,0.00000000000000e+00,6.00969387428848e-01,0.00000000000000e+00
3.00300000000000e-08,1.80000000000006e-01,6.00000000000000e-01,0.00000000000000e+00,6.02256754965627e-01,0.00000000000000e+00
3.00700000000000e-08,4.20000000000000e-01,6.00000000000000e-01,0.00000000000000e+00,6.01738173118075e-01,0.00000000000000e+00
3.01000000000000e-08,6.00000000000000e-01,6.00000000000000e-01,0.00000000000000e+00,5.98226441493270e-01,0.00000000000000e+00
3.01080000000000e-08,6.00000000000000e-01,6.00000000000000e-01,0.00000000000000e+00,5.96995966929796e-01,0.00000000000000e+00
3.01240000000000e-08,6.00000000000000e-01,6.00000000000000e-01,0.00000000000000e+00,5.95118609547560e-01,0.00000000000000e+00
3.01560000000000e-08,6.00000000000000e-01,6.00000000000000e-01,0.00000000000000e+00,5.93618233928066e-01,0.00000000000000e+00
3.02200000000000e-08,6.00000000000000e-01,6.00000000000000e-01,0.00000000000000e+00,5.94204971715865e-01,0.00000000000000e+00
3.03480000000000e-08,6.00000000000000e-01,6.00000000000000e-01,0.00000000000000e+00,6.03026399554827e-01,0.00000000000000e+00
3.05112206119245e-08,6.00000000000000e-01,6.00000000000000e-01,0.00000000000000e+00,6.23751520070333e-01,0.00000000000000e+00
3.07581442896096e-08,6.00000000000000e-01,6.00000000000000e-01,0.00000000000000e+00,6.06378347620624e-01,0.00000000000000e+00
3.10243376811811e-08,6.00000000000000e-01,6.00000000000000e-01,0.00000000000000e+00,2.29220447066406e-01,0.00000000000000e+00
3.13571933811238e-08,6.00000000000000e-01,6.00000000000000e-01,0.00000000000000e+00,-2.91123237318165e-03,0.00000000000000e+00
3.17251735912560e-08,6.00000000000000e-01,6.00000000000000e-01,0.00000000000000e+00,4.35782561345071e-03,0.00000000000000e+00
3.22101080788726e-08,6.00000000000000e-01,6.00000000000000e-01,0.00000000000000e+00,-3.14781641186320e-03,0.00000000000000e+00
3.27165979001239e-08,6.00000000000000e-01,6.00000000000000e-01,0.00000000000000e+00,2.35804966693370e-03,0.00000000000000e+00
3.37295775426264e-08,6.00000000000000e-01,6.00000000000000e-01,0.00000000000000e+00,-2.04280765964986e-03,0.00000000000000e+00
3.49441042823707e-08,6.00000000000000e-01,6.00000000000000e-01,0.00000000000000e+00,1.80585155536486e-03,0.00000000000000e+00
3.51000000000000e-08,6.00000000000000e-01,6.00000000000000e-01,0.00000000000000e+00,-6.12047110653103e-04,0.00000000000000e+00
3.51100000000000e-08,5.40000000000016e-01,6.00000000000000e-01,0.00000000000000e+00,-1.00557040702718e-03,0.00000000000000e+00
3.51300000000000e-08,4.19999999999999e-01,6.00000000000000e-01,0.00000000000000e+00,-1.47962425857401e-03,0.00000000000000e+00
3.51700000000000e-08,1.80000000000005e-01,6.00000000000000e-01,0.00000000000000e+00,-1.56902503875522e-03,0.00000000000000e+00
3.52000000000000e-08,0.00000000000000e+00,6.00000000000000e-01,0.00000000000000e+00,-1.11917982217503e-03,0.00000000000000e+00
3.52080000000000e-08,0.00000000000000e+00,6.00000000000000e-01,0.00000000000000e+00,-6.08344295325802e-04,0.00000000000000e+00
3.52240000000000e-08,0.00000000000000e+00,6.00000000000000e-01,0.00000000000000e+00,1.05296194587416e-04,0.00000000000000e+00
3.52560000000000e-08,0.00000000000000e+00,6.00000000000000e-01,0.00000000000000e+00,6.12824222333144e-04,0.00000000000000e+00
3.53200000000000e-08,0.00000000000000e+00,6.00000000000000e-01,0.00000000000000e+00,6.66706872575061e-04,0.00000000000000e+00
3.54480000000000e-08,0.00000000000000e+00,6.00000000000000e-01,0.00000000000000e+00,3.46045255159609e-04,0.00000000000000e+00
3.56543321834338e-08,0.00000000000000e+00,6.00000000000000e-01,0.00000000000000e+00,-5.78253227114377e-05,0.00000000000000e+00
3.60409955236108e-08,0.00000000000000e+00,6.00000000000000e-01,0.00000000000000e+00,-1.67314456315165e-04,0.00000000000000e+00
3.64260521053208e-08,0.00000000000000e+00,6.00000000000000e-01,0.00000000000000e+00,2.29022643677787e-04,0.00000000000000e+00
3.70000000000000e-08,0.00000000000000e+00,6.00000000000000e-01,0.00000000000000e+00,-1.84992298652833e-04,0.00000000000000e+00
3.70100000000000e-08,0.00000000000000e+00,6.00000000000000e-01,5.99999999999886e-02,-1.53779680547621e-04,0.00000000000000e+00
3.70300000000000e-08,0.00000000000000e+00,6.00000000000000e-01,1.80000000000006e-01,-1.02471216281120e-04,0.00000000000000e+00
3.70700000000000e-08,0.00000000000000e+00,6.00000000000000e-01,4.20000000000000e-01,-4.03306677322672e-05,0.00000000000000e+00
3.71000000000000e-08,0.00000000000000e+00,6.00000000000000e-01,6.00000000000000e-01,-3.10732808948614e-05,0.00000000000000e+00
3.71080000000000e-08,0.00000000000000e+00,6.00000000000000e-01,6.00000000000000e-01,-4.12564743161529e-05,0.00000000000000e+00
3.71240000000000e-08,0.00000000000000e+00,6.00000000000000e-01,6.00000000000000e-01,-5.64906692982863e-05,0.00000000000000e+00
3.71560000000000e-08,0.00000000000000e+00,6.00000000000000e-01,6.00000000000000e-01,-5.41641272661483e-05,0.00000000000000e+00
3.72200000000000e-08,0.00000000000000e+00,6.00000000000000e-01,6.00000000000000e-01,-2.43932167122602e-05,0.00000000000000e+00
3.73480000000000e-08,0.00000000000000e+00,6.00000000000000e-01,6.00000000000000e-01,-1.26109346684996e-05,0.00000000000000e+00
3.76040000000000e-08,0.00000000000000e+00,6.00000000000000e-01,6.00000000000000e-01,-3.84325333661299e-06,0.00000000000000e+00
3.78683764801734e-08,0.00000000000000e+00,6.00000000000000e-01,6.00000000000000e-01,-1.33772449104125e-04,0.00000000000000e+00
3.82095725465106e-08,0.00000000000000e+00,6.00000000000000e-01,6.00000000000000e-01,1.98989272983293e-04,0.00000000000000e+00
3.86073214877441e-08,0.00000000000000e+00,6.00000000000000e-01,6.00000000000000e-01,-1.25447229303338e-04,0.00000000000000e+00
3.89905489187518e-08,0.00000000000000e+00,6.00000000000000e-01,6.00000000000000e-01,4.21662723353599e-06,0.00000000000000e+00
3.94839136430277e-08,0.00000000000000e+00,6.00000000000000e-01,6.00000000000000e-01,3.83182806612835e-05,0.00000000000000e+00
3.99898705258992e-08,0.00000000000000e+00,6.00000000000000e-01,6.00000000000000e-01,-4.62335866355478e-05,0.00000000000000e+00
4.00000000000000e-08,0.00000000000000e+00,6.00000000000000e-01,6.00000000000000e-01,-1.98634061331322e-05,0.00000000000000e+00
4.00069235609267e-08,4.15413655599488e-02,6.00000000000000e-01,6.00000000000000e-01,2.64381785803078e-04,0.00000000000000e+00
4.00207706827800e-08,1.24624096679886e-01,6.00000000000000e-01,6.00000000000000e-01,8.13071535775835e-04,0.00000000000000e+00
4.00484649264866e-08,2.90789558919761e-01,6.00000000000000e-01,6.00000000000000e-01,1.77909377643729e-03,0.00000000000000e+00
4.01000000000000e-08,6.00000000000000e-01,6.00000000000000e-01,6.00000000000000e-01,2.84796509138028e-03,0.00000000000000e+00
4.01055388487413e-08,6.00000000000000e-01,6.00000000000000e-01,6.00000000000000e-01,2.46114119510554e-03,0.00000000000000e+00
4.01166165462240e-08,6.00000000000000e-01,6.00000000000000e-01,6.00000000000000e-01,1.81807845962597e-03,0.00000000000000e+00
4.01387719411893e-08,6.00000000000000e-01,6.00000000000000e-01,6.00000000000000e-01,7.35915882455090e-04,0.00000000000000e+00
4.01830827311199e-08,6.00000000000000e-01,6.00000000000000e-01,6.00000000000000e-01,-1.33932503610247e-04,0.00000000000000e+00
4.02717043109812e-08,6.00000000000000e-01,6.00000000000000e-01,6.00000000000000e-01,6.44927714345038e-05,0.00000000000000e+00
4.04489474707037e-08,6.00000000000000e-01,6.00000000000000e-01,6.00000000000000e-01,-4.93597058383200e-04,0.00000000000000e+00
4.06778864226695e-08,6.00000000000000e-01,6.00000000000000e-01,6.00000000000000e-01,-7.89042871094704e-03,0.00000000000000e+00
4.09215867432620e-08,6.00000000000000e-01,6.00000000000000e-01,6.00000000000000e-01,-2.29430288623354e-02,0.00000000000000e+00
4.12834699619559e-08,6.00000000000000e-01,6.00000000000000e-01,6.00000000000000e-01,3.03343650320753e-01,0.00000000000000e+00
4.16710226703683e-08,6.00000000000000e-01,6.00000000000000e-01,6.00000000000000e-01,6.01788456311121e-01,0.00000000000000e+00
4.20515251813335e-08,6.00000000000000e-01,6.00000000000000e-01,6.00000000000000e-01,5.98253234654249e-01,0.00000000000000e+00
4.25772973531674e-08,6.00000000000000e-01,6.00000000000000e-01,6.00000000000000e-01,6.01409991765531e-01,0.00000000000000e+00
4.31066670929596e-08,6.00000000000000e-01,6.00000000000000e-01,6.00000000000000e-01,5.99008627603231e-01,0.00000000000000e+00
4.41654065725439e-08,6.00000000000000e-01,6.00000000000000e-01,6.00000000000000e-01,6.00907573137077e-01,0.00000000000000e+00
4.51000000000000e-08,6.00000000000000e-01,6.00000000000000e-01,6.00000000000000e-01,5.99296824280761e-01,0.00000000000000e+00
4.51100000000000e-08,5.40000000000016e-01,6.00000000000000e-01,6.00000000000000e-01,5.99030117955412e-01,0.00000000000000e+00
4.51300000000000e-08,4.19999999999999e-01,6.00000000000000e-01,6.00000000000000e-01,5.98530882805809e-01,0.00000000000000e+00
4.51700000000000e-08,1.80000000000005e-01,6.00000000000000e-01,6.00000000000000e-01,5.97813067022055e-01,0.00000000000000e+00
4.52000000000000e-08,0.00000000000000e+00,6.00000000000000e-01,6.00000000000000e-01,5.98017249394919e-01,0.00000000000000e+00
4.52080000000000e-08,0.00000000000000e+00,6.00000000000000e-01,6.00000000000000e-01,5.98720315867650e-01,0.00000000000000e+00
4.52240000000000e-08,0.00000000000000e+00,6.00000000000000e-01,6.00000000000000e-01,5.99871395181845e-01,0.00000000000000e+00
4.52560000000000e-08,0.00000000000000e+00,6.00000000000000e-01,6.00000000000000e-01,6.01245363194654e-01,0.00000000000000e+00
4.53200000000000e-08,0.00000000000000e+00,6.00000000000000e-01,6.00000000000000e-01,6.01694279696533e-01,0.00000000000000e+00
4.54480000000000e-08,0.00000000000000e+00,6.00000000000000e-01,6.00000000000000e-01,6.00668404613248e-01,0.00000000000000e+00
4.57008517668343e-08,0.00000000000000e+00,6.00000000000000e-01,6.00000000000000e-01,5.99486662894775e-01,0.00000000000000e+00
4.59919998515359e-08,0.00000000000000e+00,6.00000000000000e-01,6.00000000000000e-01,5.99874544702485e-01,0.00000000000000e+00
4.65132425409770e-08,0.00000000000000e+00,6.00000000000000e-01,6.00000000000000e-01,6.00118403157005e-01,0.00000000000000e+00
4.70776778065258e-08,0.00000000000000e+00,6.00000000000000e-01,6.00000000000000e-01,5.99959335661901e-01,0.00000000000000e+00
4.81142037758918e-08,0.00000000000000e+00,6.00000000000000e-01,6.00000000000000e-01,6.00066934689558e-01,0.00000000000000e+00
5.00000000000000e-08,0.00000000000000e+00,6.00000000000000e-01,6.00000000000000e-01,5.99973257391087e-01,0.00000000000000e+00
5.00100000000000e-08,5.99999999999886e-02,6.00000000000000e-01,6.00000000000000e-01,6.00872489430510e-01,0.00000000000000e+00
5.00300000000000e-08,1.80000000000006e-01,6.00000000000000e-01,6.00000000000000e-01,6.02151563516245e-01,0.00000000000000e+00
5.00700000000000e-08,4.20000000000000e-01,6.00000000000000e-01,6.00000000000000e-01,6.02161488774984e-01,0.00000000000000e+00
5.01000000000000e-08,6.00000000000000e-01,6.00000000000000e-01,6.00000000000000e-01,5.99985777740788e-01,0.00000000000000e+00
5.01080000000000e-08,6.00000000000000e-01,6.00000000000000e-01,6.00000000000000e-01,5.99312883848398e-01,0.00000000000000e+00
5.01240000000000e-08,6.00000000000000e-01,6.00000000000000e-01,6.00000000000000e-01,5.98259779553154e-01,0.00000000000000e+00
5.01560000000000e-08,6.00000000000000e-01,6.00000000000000e-01,6.00000000000000e-01,5.97427222425009e-01,0.00000000000000e+00
5.02200000000000e-08,6.00000000000000e-01,6.00000000000000e-01,6.00000000000000e-01,5.98038406330066e-01,0.00000000000000e+00
5.03480000000000e-08,6.00000000000000e-01,6.00000000000000e-01,6.00000000000000e-01,6.00417253710485e-01,0.00000000000000e+00
5.05491989184886e-08,6.00000000000000e-01,6.00000000000000e-01,6.00000000000000e-01,6.00908137074649e-01,0.00000000000000e+00
5.07677088461323e-08,6.00000000000000e-01,6.00000000000000e-01,6.00000000000000e-01,5.99913768141418e-01,0.00000000000000e+00
5.10973059966762e-08,6.00000000000000e-01,6.00000000000000e-01,6.00000000000000e-01,5.99963180818777e-01,0.00000000000000e+00
5.11000000000000e-08,6.00000000000000e-01,6.00000000000000e-01,6.00000000000000e-01,5.99966402207116e-01,0.00000000000000e+00
5.11053880066477e-08,6.00000000000000e-01,6.00000000000000e-01,5.67671960113898e-01,5.99968964239433e-01,0.00000000000000e+00
5.11161640199431e-08,6.00000000000000e-01,6.00000000000000e-01,5.03015880341695e-01,5.99971814148738e-01,0.00000000000000e+00
5.11352822905053e-08,6.00000000000000e-01,6.00000000000000e-01,3.88306256968484e-01,5.99974586782434e-01,0.00000000000000e+00
5.11735188316297e-08,6.00000000000000e-01,6.00000000000000e-01,1.58887010222063e-01,5.99987036352336e-01,0.00000000000000e+00
5.12000000000000e-08,6.00000000000000e-01,6.00000000000000e-01,0.00000000000000e+00,5.99999727721211e-01,0.00000000000000e+00
5.12076473082249e-08,6.00000000000000e-01,6.00000000000000e-01,0.00000000000000e+00,6.00007638765729e-01,0.00000000000000e+00
5.12229419246746e-08,6.00000000000000e-01,6.00000000000000e-01,0.00000000000000e+00,6.00020568193364e-01,0.00000000000000e+00
5.12535311575742e-08,6.00000000000000e-01,6.00000000000000e-01,0.00000000000000e+00,6.00031218566181e-01,0.00000000000000e+00
5.13147096233732e-08,6.00000000000000e-01,6.00000000000000e-01,0.00000000000000e+00,6.00020922318446e-01,0.00000000000000e+00
5.14370665549713e-08,6.00000000000000e-01,6.00000000000000e-01,0.00000000000000e+00,6.00002544739741e-01,0.00000000000000e+00
5.16679234005655e-08,6.00000000000000e-01,6.00000000000000e-01,0.00000000000000e+00,6.00004433686471e-01,0.00000000000000e+00
5.18866324352630e-08,6.00000000000000e-01,6.00000000000000e-01,0.00000000000000e+00,6.00191600598209e-01,0.00000000000000e+00
5.21242367097614e-08,6.00000000000000e-01,6.00000000000000e-01,0.00000000000000e+00,5.99735867046234e-01,0.00000000000000e+00
5.24522655408027e-08,6.00000000000000e-01,6.00000000000000e-01,0.00000000000000e+00,6.00157136790452e-01,0.00000000000000e+00
5.28457093663570e-08,6.00000000000000e-01,6.00000000000000e-01,0.00000000000000e+00,5.99978987164820e-01,0.00000000000000e+00
5.32532667738335e-08,6.00000000000000e-01,6.00000000000000e-01,0.00000000000000e+00,5.99979413540980e-01,0.00000000000000e+00
5.36860470391330e-08,6.00000000000000e-01,6.00000000000000e-01,0.00000000000000e+00,6.00073402834965e-01,0.00000000000000e+00
5.41473666043661e-08,6.00000000000000e-01,6.00000000000000e-01,0.00000000000000e+00,5.99941175755565e-01,0.00000000000000e+00
5.47086557757588e-08,6.00000000000000e-01,6.00000000000000e-01,0.00000000000000e+00,6.00079806370894e-01,0.00000000000000e+00
5.51000000000000e-08,6.00000000000000e-01,6.00000000000000e-01,0.00000000000000e+00,5.99940784707529e-01,0.00000000000000e+00
5.51100000000000e-08,5.40000000000016e-01,6.00000000000000e-01,0.00000000000000e+00,5.99599664363399e-01,0.00000000000000e+00
5.51300000000000e-08,4.19999999999999e-01,6.00000000000000e-01,0.00000000000000e+00,5.99042821922654e-01,0.00000000000000e+00
5.51700000000000e-08,1.80000000000005e-01,6.00000000000000e-01,0.00000000000000e+00,5.98085490627174e-01,0.00000000000000e+00
5.52000000000000e-08,0.00000000000000e+00,6.00000000000000e-01,0.00000000000000e+00,5.98354359189933e-01,0.00000000000000e+00
5.52080000000000e-08,0.00000000000000e+00,6.00000000000000e-01,0.00000000000000e+00,5.99095706949871e-01,0.00000000000000e+00
5.52240000000000e-08,0.00000000000000e+00,6.00000000000000e-01,0.00000000000000e+00,6.00363278767330e-01,0.00000000000000e+00
5.52560000000000e-08,0.00000000000000e+00,6.00000000000000e-01,0.00000000000000e+00,6.01766910133113e-01,0.00000000000000e+00
5.53200000000000e-08,0.00000000000000e+00,6.00000000000000e-01,0.00000000000000e+00,6.01827009171843e-01,0.00000000000000e+00
5.54480000000000e-08,0.00000000000000e+00,6.00000000000000e-01,0.00000000000000e+00,6.00260581387294e-01,0.00000000000000e+00
5.57040000000000e-08,0.00000000000000e+00,6.00000000000000e-01,0.00000000000000e+00,5.99328970638916e-01,0.00000000000000e+00
5.60650807385340e-08,0.00000000000000e+00,6.00000000000000e-01,0.00000000000000e+00,6.00118322158640e-01,0.00000000000000e+00
5.63996655147885e-08,0.00000000000000e+00,6.00000000000000e-01,0.00000000000000e+00,6.00018371435125e-01,0.00000000000000e+00
5.67516091806514e-08,0.00000000000000e+00,6.00000000000000e-01,0.00000000000000e+00,5.99982997096840e-01,0.00000000000000e+00
5.72946009184756e-08,0.00000000000000e+00,6.00000000000000e-01,0.00000000000000e+00,6.00033845796162e-01,0.00000000000000e+00
5.78364888966459e-08,0.00000000000000e+00,6.00000000000000e-01,0.00000000000000e+00,5.99988049399738e-01,0.00000000000000e+00
5.86502964212634e-08,0.00000000000000e+00,6.00000000000000e-01,0.00000000000000e+00,6.00020674592690e-01,0.00000000000000e+00
6.00000000000000e-08,0.00000000000000e+00,6.00000000000000e-01,0.00000000000000e+00,5.99994275250141e-01,0.00000000000000e+00
6.00100000000000e-08,5.99999999999092e-02,6.00000000000000e-01,0.00000000000000e+00,6.00916236533333e-01,0.00000000000000e+00
6.00300000000000e-08,1.79999999999886e-01,6.00000000000000e-01,0.00000000000000e+00,6.02208286247520e-01,0.00000000000000e+00
6.00700000000000e-08,4.19999999999920e-01,6.00000000000000e-01,0.00000000000000e+00,6.01693055685651e-01,0.00000000000000e+00
6.01000000000000e-08,5.99999999999966e-01,6.00000000000000e-01,0.00000000000000e+00,5.98182849557610e-01,0.00000000000000e+00
6.01080000000000e-08,6.00000000000000e-01,6.00000000000000e-01,0.00000000000000e+00,5.96951749904265e-01,0.00000000000000e+00
6.01240000000000e-08,6.00000000000000e-01,6.00000000000000e-01,0.00000000000000e+00,5.95070314319258e-01,0.00000000000000e+00
6.01560000000000e-08,6.00000000000000e-01,6.00000000000000e-01,0.00000000000000e+00,5.93571112489545e-01,0.00000000000000e+00
6.02200000000000e-08,6.00000000000000e-01,6.00000000000000e-01,0.00000000000000e+00,5.94162920741949e-01,0.00000000000000e+00
6.03480000000000e-08,6.00000000000000e-01,6.00000000000000e-01,0.00000000000000e+00,6.02931993650223e-01,0.00000000000000e+00
6.05111879552665e-08,6.00000000000000e-01,6.00000000000000e-01,0.00000000000000e+00,6.23640448770489e-01,0.00000000000000e+00
6.07581073558668e-08,6.00000000000000e-01,6.00000000000000e-01,0.00000000000000e+00,6.06646646668897e-01,0.00000000000000e+00
6.10241548270023e-08,6.00000000000000e-01,6.00000000000000e-01,0.00000000000000e+00,2.30439115159779e-01,0.00000000000000e+00
6.13577826593466e-08,6.00000000000000e-01,6.00000000000000e-01,0.00000000000000e+00,-2.65809892705398e-03,0.00000000000000e+00
6.17266227806031e-08,6.00000000000000e-01,6.00000000000000e-01,0.00000000000000e+00,4.24014089291702e-03,0.00000000000000e+00
6.22125169868448e-08,6.00000000000000e-01,6.00000000000000e-01,0.00000000000000e+00,-3.07799951493092e-03,0.00000000000000e+00
6.27194571493675e-08,6.00000000000000e-01,6.00000000000000e-01,0.00000000000000e+00,2.31255635801700e-03,0.00000000000000e+00
6.37333374744130e-08,6.00000000000000e-01,6.00000000000000e-01,0.00000000000000e+00,-2.00622563287684e-03,0.00000000000000e+00
6.40000000000000e-08,6.00000000000000e-01,6.00000000000000e-01,0.00000000000000e+00,1.14913108681093e-03,0.00000000000000e+00
6.40100000000000e-08,6.00000000000000e-01,6.00000000000000e-01,0.00000000000000e+00,9.19278602299045e-04,5.99999999999886e-02
6.40300000000000e-08,6.00000000000000e-01,6.00000000000000e-01,0.00000000000000e+00,5.80692908426930e-04,1.79999999999966e-01
6.40700000000000e-08,6.00000000000000e-01,6.00000000000000e-01,0.00000000000000e+00,1.98775561968468e-04,4.19999999999920e-01
6.41000000000000e-08,6.00000000000000e-01,6.00000000000000e-01,0.00000000000000e+00,9.67342306050125e-05,5.99999999999966e-01
6.41080000000000e-08,6.00000000000000e-01,6.00000000000000e-01,0.00000000000000e+00,7.55090987989420e-05,6.00000000000000e-01
6.41240000000000e-08,6.00000000000000e-01,6.00000000000000e-01,0.00000000000000e+00,3.88609429823503e-05,6.00000000000000e-01
6.41560000000000e-08,6.00000000000000e-01,6.00000000000000e-01,0.00000000000000e+00,1.05356169959270e-06,6.00000000000000e-01
6.42200000000000e-08,6.00000000000000e-01,6.00000000000000e-01,0.00000000000000e+00,-3.57955980161267e-05,6.00000000000000e-01
6.43480000000000e-08,6.00000000000000e-01,6.00000000000000e-01,0.00000000000000e+00,-5.28980626727682e-05,6.00000000000000e-01
6.44754556814179e-08,6.00000000000000e-01,6.00000000000000e-01,0.00000000000000e+00,-1.98656056880092e-06,6.00000000000000e-01
6.46888513832221e-08,6.00000000000000e-01,6.00000000000000e-01,0.00000000000000e+00,6.67168266708849e-08,6.00000000000000e-01
6.49483042233735e-08,6.00000000000000e-01,6.00000000000000e-01,0.00000000000000e+00,7.90051001559366e-06,6.00000000000000e-01
6.51000000000000e-08,6.00000000000000e-01,6.00000000000000e-01,0.00000000000000e+00,1.41888085649979e-05,6.00000000000000e-01
6.51100000000000e-08,5.40000000000016e-01,6.00000000000000e-01,0.00000000000000e+00,-5.22447080812023e-04,6.00000000000000e-01
6.51300000000000e-08,4.20000000000039e-01,6.00000000000000e-01,0.00000000000000e+00,-1.19883727914393e-03,6.00000000000000e-01
6.51700000000000e-08,1.80000000000085e-01,6.00000000000000e-01,0.00000000000000e+00,-1.48744462929295e-03,6.00000000000000e-01
6.52000000000000e-08,3.93018950717305e-14,6.00000000000000e-01,0.00000000000000e+00,-1.08220970763607e-03,6.00000000000000e-01
6.52080000000000e-08,0.00000000000000e+00,6.00000000000000e-01,0.00000000000000e+00,-5.78759683524570e-04,6.00000000000000e-01
6.52240000000000e-08,0.00000000000000e+00,6.00000000000000e-01,0.00000000000000e+00,1.19611884324426e-04,6.00000000000000e-01
6.52560000000000e-08,0.00000000000000e+00,6.00000000000000e-01,0.00000000000000e+00,6.19924319077175e-04,6.00000000000000e-01
6.53200000000000e-08,0.00000000000000e+00,6.00000000000000e-01,0.00000000000000e+00,6.71993046887362e-04,6.00000000000000e-01
6.54480000000000e-08,0.00000000000000e+00,6.00000000000000e-01,0.00000000000000e+00,3.47998115255871e-04,6.00000000000000e-01
6.56543250987409e-08,0.00000000000000e+00,6.00000000000000e-01,0.00000000000000e+00,-2.97423479698166e-05,6.00000000000000e-01
6.60410172705960e-08,0.00000000000000e+00,6.00000000000000e-01,0.00000000000000e+00,-1.83040677605017e-04,6.00000000000000e-01
6.64260092657826e-08,0.00000000000000e+00,6.00000000000000e-01,0.00000000000000e+00,2.37036099819703e-04,6.00000000000000e-01
6.70000000000000e-08,0.00000000000000e+00,6.00000000000000e-01,0.00000000000000e+00,-1.90293096177090e-04,6.00000000000000e-01
6.70100000000000e-08,0.00000000000000e+00,6.00000000000000e-01,5.99999999999886e-02,-1.57952375503844e-04,6.00000000000000e-01
6.70300000000000e-08,0.00000000000000e+00,6.00000000000000e-01,1.79999999999966e-01,-1.03589277044456e-04,6.00000000000000e-01
6.70700000000000e-08,0.00000000000000e+00,6.00000000000000e-01,4.19999999999920e-01,-4.02205266226126e-05,6.00000000000000e-01
6.71000000000000e-08,0.00000000000000e+00,6.00000000000000e-01,5.99999999999966e-01,-3.25481625936010e-05,6.00000000000000e-01
6.71080000000000e-08,0.00000000000000e+00,6.00000000000000e-01,6.00000000000000e-01,-4.27684090337510e-05,6.00000000000000e-01
6.71240000000000e-08,0.00000000000000e+00,6.00000000000000e-01,6.00000000000000e-01,-5.75428931844977e-05,6.00000000000000e-01
6.71560000000000e-08,0.00000000000000e+00,6.00000000000000e-01,6.00000000000000e-01,-5.53489694569081e-05,6.00000000000000e-01
6.72200000000000e-08,0.00000000000000e+00,6.00000000000000e-01,6.00000000000000e-01,-2.66458069661087e-05,6.00000000000000e-01
6.73480000000000e-08,0.00000000000000e+00,6.00000000000000e-01,6.00000000000000e-01,-1.34323415032561e-05,6.00000000000000e-01
6.76040000000000e-08,0.00000000000000e+00,6.00000000000000e-01,6.00000000000000e-01,-4.89710263957927e-06,6.00000000000000e-01
6.78683763233922e-08,0.00000000000000e+00,6.00000000000000e-01,6.00000000000000e-01,-1.34507806660321e-04,6.00000000000000e-01
6.82095737438050e-08,0.00000000000000e+00,6.00000000000000e-01,6.00000000000000e-01,1.99373510902612e-04,6.00000000000000e-01
6.86072671104439e-08,0.00000000000000e+00,6.00000000000000e-01,6.00000000000000e-01,-1.25686703607735e-04,6.00000000000000e-01
6.89942294041289e-08,0.00000000000000e+00,6.00000000000000e-01,6.00000000000000e-01,4.44742697842300e-06,6.00000000000000e-01
6.95629793413498e-08,0.00000000000000e+00,6.00000000000000e-01,6.00000000000000e-01,4.09477213579895e-05,6.00000000000000e-01
7.00000000000000e-08,0.00000000000000e+00,6.00000000000000e-01,6.00000000000000e-01,-7.03466803436943e-05,6.00000000000000e-01
7.00100000000000e-08,5.99999999999886e-02,6.00000000000000e-01,6.00000000000000e-01,3.42806293500572e-04,6.00000000000000e-01
7.00300000000000e-08,1.79999999999966e-01,6.00000000000000e-01,6.00000000000000e-01,1.11288943717204e-03,6.00000000000000e-01
7.00700000000000e-08,4.19999999999920e-01,6.00000000000000e-01,6.00000000000000e-01,1.92340229583454e-03,6.00000000000000e-01
7.01000000000000e-08,5.99999999999966e-01,6.00000000000000e-01,6.00000000000000e-01,1.42680478203267e-03,6.00000000000000e-01
7.01080000000000e-08,6.00000000000000e-01,6.00000000000000e-01,6.00000000000000e-01,6.99775350544603e-04,6.00000000000000e-01
7.01240000000000e-08,6.00000000000000e-01,6.00000000000000e-01,6.00000000000000e-01,-5.95376395893147e-04,6.00000000000000e-01
7.01560000000000e-08,6.00000000000000e-01,6.00000000000000e-01,6.00000000000000e-01,-1.85155736051698e-03,6.00000000000000e-01
7.02200000000000e-08,6.00000000000000e-01,6.00000000000000e-01,6.00000000000000e-01,-1.01351059229695e-03,6.00000000000000e-01
7.03480000000000e-08,6.00000000000000e-01,6.00000000000000e-01,6.00000000000000e-01,7.36095612920571e-04,6.00000000000000e-01
7.05036290740702e-08,6.00000000000000e-01,6.00000000000000e-01,6.00000000000000e-01,-2.77756709604311e-04,6.00000000000000e-01
7.07281398156546e-08,6.00000000000000e-01,6.00000000000000e-01,6.00000000000000e-01,5.33641515323775e-05,6.00000000000000e-01
7.10343166019468e-08,6.00000000000000e-01,6.00000000000000e-01,6.00000000000000e-01,-7.36059909538968e-05,6.00000000000000e-01
7.15843933517203e-08,6.00000000000000e-01,6.00000000000000e-01,6.00000000000000e-01,6.47365151216453e-05,6.00000000000000e-01
7.26845468512674e-08,6.00000000000000e-01,6.00000000000000e-01,6.00000000000000e-01,-5.55409151052621e-05,6.00000000000000e-01
7.31000000000000e-08,6.00000000000000e-01,5.99999999999960e-01,6.00000000000000e-01,3.66387149785904e-05,6.00000000000000e-01
7.31100000000000e-08,6.00000000000000e-01,5.39999999999972e-01,6.00000000000000e-01,-4.87221086155351e-04,6.00000000000000e-01
7.31300000000000e-08,6.00000000000000e-01,4.19999999999994e-01,6.00000000000000e-01,-1.21416623195604e-03,6.00000000000000e-01
7.31700000000000e-08,6.00000000000000e-01,1.80000000000040e-01,6.00000000000000e-01,-1.61741070727517e-03,6.00000000000000e-01
7.32000000000000e-08,6.00000000000000e-01,0.00000000000000e+00,6.00000000000000e-01,-3.44822105450990e-04,6.00000000000000e-01
7.32080000000000e-08,6.00000000000000e-01,0.00000000000000e+00,6.00000000000000e-01,5.12607546925238e-04,6.00000000000000e-01
7.32240000000000e-08,6.00000000000000e-01,0.00000000000000e+00,6.00000000000000e-01,2.02544918186947e-03,6.00000000000000e-01
7.32560000000000e-08,6.00000000000000e-01,0.00000000000000e+00,6.00000000000000e-01,3.67702824231129e-03,6.00000000000000e-01
7.33200000000000e-08,6.00000000000000e-01,0.00000000000000e+00,6.00000000000000e-01,3.71606086302400e-03,6.00000000000000e-01
7.34480000000000e-08,6.00000000000000e-01,0.00000000000000e+00,6.00000000000000e-01,-6.69623523136237e-03,6.00000000000000e-01
7.37040000000000e-08,6.00000000000000e-01,0.00000000000000e+00,6.00000000000000e-01,-2.55464663828086e-03,6.00000000000000e-01
7.39495251292559e-08,6.00000000000000e-01,0.00000000000000e+00,6.00000000000000e-01,5.68704148242927e-04,6.00000000000000e-01
7.42589312631317e-08,6.00000000000000e-01,0.00000000000000e+00,6.00000000000000e-01,-5.07290958817955e-04,6.00000000000000e-01
7.45716677798068e-08,6.00000000000000e-01,0.00000000000000e+00,6.00000000000000e-01,2.81734797973272e-04,6.00000000000000e-01
7.50598481711392e-08,6.00000000000000e-01,0.00000000000000e+00,6.00000000000000e-01,-1.36721200910290e-04,6.00000000000000e-01
7.51000000000000e-08,6.00000000000000e-01,0.00000000000000e+00,6.00000000000000e-01,-1.59518076906439e-04,6.00000000000000e-01
7.51100000000000e-08,5.40000000000016e-01,0.00000000000000e+00,6.00000000000000e-01,-6.61897411855572e-04,6.00000000000000e-01
7.51300000000000e-08,4.20000000000039e-01,0.00000000000000e+00,6.00000000000000e-01,-1.34095426252789e-03,6.00000000000000e-01
7.51700000000000e-08,1.80000000000085e-01,0.00000000000000e+00,6.00000000000000e-01,-1.57701158902630e-03,6.00000000000000e-01
7.52000000000000e-08,3.93018950717305e-14,0.00000000000000e+00,6.00000000000000e-01,-1.19980239773217e-03,6.00000000000000e-01
7.52080000000000e-08,0.00000000000000e+00,0.00000000000000e+00,6.00000000000000e-01,-7.09317992703766e-04,6.00000000000000e-01
7.52240000000000e-08,0.00000000000000e+00,0.00000000000000e+00,6.00000000000000e-01,3.47983505747341e-05,6.00000000000000e-01
7.52560000000000e-08,0.00000000000000e+00,0.00000000000000e+00,6.00000000000000e-01,5.83686189100988e-04,6.00000000000000e-01
7.53200000000000e-08,0.00000000000000e+00,0.00000000000000e+00,6.00000000000000e-01,6.37988196183411e-04,6.00000000000000e-01
7.54480000000000e-08,0.00000000000000e+00,0.00000000000000e+00,6.00000000000000e-01,3.85246485147858e-04,6.00000000000000e-01
7.56550851995808e-08,0.00000000000000e+00,0.00000000000000e+00,6.00000000000000e-01,-5.98114461765447e-05,6.00000000000000e-01
7.60022931331864e-08,0.00000000000000e+00,0.00000000000000e+00,6.00000000000000e-01,-8.06140582827714e-05,6.00000000000000e-01
7.64651952485877e-08,0.00000000000000e+00,0.00000000000000e+00,6.00000000000000e-01,8.69654210798088e-05,6.00000000000000e-01
7.70475003878868e-08,0.00000000000000e+00,0.00000000000000e+00,6.00000000000000e-01,-5.65576670409899e-05,6.00000000000000e-01
7.79232084548176e-08,0.00000000000000e+00,0.00000000000000e+00,6.00000000000000e-01,4.23968522622188e-05,6.00000000000000e-01
7.96746245886792e-08,0.00000000000000e+00,0.00000000000000e+00,6.00000000000000e-01,-3.39567380619906e-05,6.00000000000000e-01
8.00000000000000e-08,0.00000000000000e+00,0.00000000000000e+00,6.00000000000000e-01,1.06926633282333e-05,6.00000000000000e-01
8.00100000000000e-08,5.99999999999886e-02,0.00000000000000e+00,6.00000000000000e-01,3.97042563394923e-04,6.00000000000000e-01
8.00300000000000e-08,1.79999999999966e-01,0.00000000000000e+00,6.00000000000000e-01,1.15889324259365e-03,6.00000000000000e-01
8.00700000000000e-08,4.19999999999920e-01,0.00000000000000e+00,6.00000000000000e-01,1.90403400452377e-03,6.00000000000000e-01
8.01000000000000e-08,5.99999999999966e-01,0.00000000000000e+00,6.00000000000000e-01,1.41189688775432e-03,6.00000000000000e-01
8.01080000000000e-08,6.00000000000000e-01,0.00000000000000e+00,6.00000000000000e-01,6.95353029313924e-04,6.00000000000000e-01
8.01240000000000e-08,6.00000000000000e-01,0.00000000000000e+00,6.00000000000000e-01,-5.71194644742480e-04,6.00000000000000e-01
8.01560000000000e-08,6.00000000000000e-01,0.00000000000000e+00,6.00000000000000e-01,-1.78457078928867e-03,6.00000000000000e-01
8.02200000000000e-08,6.00000000000000e-01,0.00000000000000e+00,6.00000000000000e-01,-1.00195738616960e-03,6.00000000000000e-01
8.03480000000000e-08,6.00000000000000e-01,0.00000000000000e+00,6.00000000000000e-01,7.06114560512630e-04,6.00000000000000e-01
8.05036362074951e-08,6.00000000000000e-01,0.00000000000000e+00,6.00000000000000e-01,-2.44386582336193e-04,6.00000000000000e-01
8.07281307692441e-08,6.00000000000000e-01,0.00000000000000e+00,6.00000000000000e-01,3.87893159632720e-05,6.00000000000000e-01
8.10343412091389e-08,6.00000000000000e-01,0.00000000000000e+00,6.00000000000000e-01,-6.54198436896525e-05,6.00000000000000e-01
8.11000000000000e-08,6.00000000000000e-01,0.00000000000000e+00,6.00000000000000e-01,-2.12488323153886e-06,6.00000000000000e-01
8.11100000000000e-08,6.00000000000000e-01,0.00000000000000e+00,5.40000000000011e-01,-4.40304407659729e-06,6.00000000000000e-01
8.11300000000000e-08,6.00000000000000e-01,0.00000000000000e+00,4.20000000000034e-01,-5.52401091860504e-06,6.00000000000000e-01
8.11700000000000e-08,6.00000000000000e-01,0.00000000000000e+00,1.80000000000080e-01,-1.95796944925975e-06,6.00000000000000e-01
8.12000000000000e-08,6.00000000000000e-01,0.00000000000000e+00,3.44169137633799e-14,3.14881970332977e-06,6.00000000000000e-01
8.12080000000000e-08,6.00000000000000e-01,0.00000000000000e+00,0.00000000000000e+00,7.83499610351791e-06,6.00000000000000e-01
8.12240000000000e-08,6.00000000000000e-01,0.00000000000000e+00,0.00000000000000e+00,1.17365391090180e-05,6.00000000000000e-01
8.12560000000000e-08,6.00000000000000e-01,0.00000000000000e+00,0.00000000000000e+00,2.48020386304708e-06,6.00000000000000e-01
8.13200000000000e-08,6.00000000000000e-01,0.00000000000000e+00,0.00000000000000e+00,-7.10809872322937e-06,6.00000000000000e-01
8.14480000000000e-08,6.00000000000000e-01,0.00000000000000e+00,0.00000000000000e+00,6.84226585588074e-07,6.00000000000000e-01
8.17040000000000e-08,6.00000000000000e-01,0.00000000000000e+00,0.00000000000000e+00,2.57598757709511e-06,6.00000000000000e-01
8.22159999999999e-08,6.00000000000000e-01,0.00000000000000e+00,0.00000000000000e+00,-4.08691219118282e-07,6.00000000000000e-01
8.32327568711043e-08,6.00000000000000e-01,0.00000000000000e+00,0.00000000000000e+00,1.99764415874322e-06,6.00000000000000e-01
8.51000000000000e-08,6.00000000000000e-01,0.00000000000000e+00,0.00000000000000e+00,-3.25539630419281e-07,6.00000000000000e-01
8.51100000000000e-08,5.40000000000016e-01,0.00000000000000e+00,0.00000000000000e+00,-5.22634850401609e-04,6.00000000000000e-01
8.51300000000000e-08,4.20000000000039e-01,0.00000000000000e+00,0.00000000000000e+00,-1.23479893237897e-03,6.00000000000000e-01
8.51700000000000e-08,1.80000000000085e-01,0.00000000000000e+00,0.00000000000000e+00,-1.52166359197866e-03,6.00000000000000e-01
8.52000000000000e-08,3.93018950717305e-14,0.00000000000000e+00,0.00000000000000e+00,-1.16964231942054e-03,6.00000000000000e-01
8.52080000000000e-08,0.00000000000000e+00,0.00000000000000e+00,0.00000000000000e+00,-6.83619929535453e-04,6.00000000000000e-01
8.52240000000000e-08,0.00000000000000e+00,0.00000000000000e+00,0.00000000000000e+00,5.62333009039163e-05,6.00000000000000e-01
8.52560000000000e-08,0.00000000000000e+00,0.00000000000000e+00,0.00000000000000e+00,5.94514381358118e-04,6.00000000000000e-01
8.53200000000000e-08,0.00000000000000e+00,0.00000000000000e+00,0.00000000000000e+00,6.35441274834147e-04,6.00000000000000e-01
8.54480000000000e-08,0.00000000000000e+00,0.00000000000000e+00,0.00000000000000e+00,3.78694299203267e-04,6.00000000000000e-01
8.56550751106297e-08,0.00000000000000e+00,0.00000000000000e+00,0.00000000000000e+00,-6.16630917125047e-05,6.00000000000000e-01
8.60022576179876e-08,0.00000000000000e+00,0.00000000000000e+00,0.00000000000000e+00,-8.23978343454568e-05,6.00000000000000e-01
8.64651839795792e-08,0.00000000000000e+00,0.00000000000000e+00,0.00000000000000e+00,8.73320671210150e-05,6.00000000000000e-01
8.70474245253453e-08,0.00000000000000e+00,0.00000000000000e+00,0.00000000000000e+00,-5.69253968064732e-05,6.00000000000000e-01
8.79231364630005e-08,0.00000000000000e+00,0.00000000000000e+00,0.00000000000000e+00,4.26949104348761e-05,6.00000000000000e-01
8.96745603383108e-08,0.00000000000000e+00,0.00000000000000e+00,0.00000000000000e+00,-3.42154070229379e-05,6.00000000000000e-01
9.00000000000000e-08,0.00000000000000e+00,0.00000000000000e+00,0.00000000000000e+00,1.08101944445017e-05,6.00000000000000e-01
9.00100000000000e-08,5.99999999999886e-02,0.00000000000000e+00,0.00000000000000e+00,3.97867451856451e-04,6.00000000000000e-01
9.00300000000000e-08,1.79999999999966e-01,0.00000000000000e+00,0.00000000000000e+00,1.15904992226537e-03,6.00000000000000e-01
9.00700000000000e-08,4.19999999999920e-01,0.00000000000000e+00,0.00000000000000e+00,1.90422652072105e-03,6.00000000000000e-01
9.01000000000000e-08,5.99999999999966e-01,0.00000000000000e+00,0.00000000000000e+00,1.41224066953416e-03,6.00000000000000e-01
9.01080000000000e-08,6.00000000000000e-01,0.00000000000000e+00,0.00000000000000e+00,6.95827505150863e-04,6.00000000000000e-01
9.01240000000000e-08,6.00000000000000e-01,0.00000000000000e+00,0.00000000000000e+00,-5.70280125073518e-04,6.00000000000000e-01
9.01560000000000e-08,6.00000000000000e-01,0.00000000000000e+00,0.00000000000000e+00,-1.78411857955056e-03,6.00000000000000e-01
9.02200000000000e-08,6.00000000000000e-01,0.00000000000000e+00,0.00000000000000e+00,-1.00275327409764e-03,6.00000000000000e-01
9.03480000000000e-08,6.00000000000000e-01,0.00000000000000e+00,0.00000000000000e+00,7.06064341170283e-04,6.00000000000000e-01
9.05036353644759e-08,6.00000000000000e-01,0.00000000000000e+00,0.00000000000000e+00,-2.44346574827502e-04,6.00000000000000e-01
9.07281311354984e-08,6.00000000000000e-01,0.00000000000000e+00,0.00000000000000e+00,3.87649252423964e-05,6.00000000000000e-01
9.10343418005894e-08,6.00000000000000e-01,0.00000000000000e+00,0.00000000000000e+00,-6.54291067625418e-05,6.00000000000000e-01
9.15844789466232e-08,6.00000000000000e-01,0.00000000000000e+00,0.00000000000000e+00,4.96641099161153e-05,6.00000000000000e-01
9.26847532386908e-08,6.00000000000000e-01,0.00000000000000e+00,0.00000000000000e+00,-4.15332940386022e-05,6.00000000000000e-01
9.41000000000000e-08,6.00000000000000e-01,0.00000000000000e+00,0.00000000000000e+00,3.88866271077591e-05,6.00000000000000e-01
9.41100000000000e-08,6.00000000000000e-01,0.00000000000000e+00,0.00000000000000e+00,2.96302329445613e-05,5.40000000000051e-01
9.41300000000000e-08,6.00000000000000e-01,0.00000000000000e+00,0.00000000000000e+00,1.67846564828717e-05,4.20000000000074e-01
9.41700000000000e-08,6.00000000000000e-01,0.00000000000000e+00,0.00000000000000e+00,7.76928331944908e-06,1.80000000000119e-01
9.42000000000000e-08,6.00000000000000e-01,0.00000000000000e+00,0.00000000000000e+00,7.56221220655177e-06,7.40518757424979e-14
9.42080000000000e-08,6.00000000000000e-01,0.00000000000000e+00,0.00000000000000e+00,8.27083048558592e-06,0.00000000000000e+00
9.42240000000000e-08,6.00000000000000e-01,0.00000000000000e+00,0.00000000000000e+00,7.96930766481508e-06,0.00000000000000e+00
9.42560000000000e-08,6.00000000000000e-01,0.00000000000000e+00,0.00000000000000e+00,3.11335139648347e-06,0.00000000000000e+00
9.43200000000000e-08,6.00000000000000e-01,0.00000000000000e+00,0.00000000000000e+00,-3.22620441523331e-06,0.00000000000000e+00
9.44480000000000e-08,6.00000000000000e-01,0.00000000000000e+00,0.00000000000000e+00,-2.97874772556793e-06,0.00000000000000e+00
9.47040000000000e-08,6.00000000000000e-01,0.00000000000000e+00,0.00000000000000e+00,8.65502395446813e-06,0.00000000000000e+00
9.49484638068535e-08,6.00000000000000e-01,0.00000000000000e+00,0.00000000000000e+00,-8.16378930779176e-06,0.00000000000000e+00
9.51000000000000e-08,6.00000000000000e-01,0.00000000000000e+00,0.00000000000000e+00,5.60759908677735e-06,0.00000000000000e+00
9.51100000000000e-08,5.40000000000016e-01,0.00000000000000e+00,0.00000000000000e+00,-5.19906301979003e-04,0.00000000000000e+00
9.51300000000000e-08,4.20000000000039e-01,0.00000000000000e+00,0.00000000000000e+00,-1.23518054881531e-03,0.00000000000000e+00
9.51700000000000e-08,1.80000000000085e-01,0.00000000000000e+00,0.00000000000000e+00,-1.52172414613848e-03,0.00000000000000e+00
9.52000000000000e-08,3.93018950717305e-14,0.00000000000000e+00,0.00000000000000e+00,-1.16857530703982e-03,0.00000000000000e+00
9.52080000000000e-08,0.00000000000000e+00,0.00000000000000e+00,0.00000000000000e+00,-6.83075602886700e-04,0.00000000000000e+00
9.52240000000000e-08,0.00000000000000e+00,0.00000000000000e+00,0.00000000000000e+00,5.58398827644759e-05,0.00000000000000e+00
9.52560000000000e-08,0.00000000000000e+00,0.00000000000000e+00,0.00000000000000e+00,5.94846789562739e-04,0.00000000000000e+00
9.53200000000000e-08,0.00000000000000e+00,0.00000000000000e+00,0.00000000000000e+00,6.37143319611370e-04,0.00000000000000e+00
9.54480000000000e-08,0.00000000000000e+00,0.00000000000000e+00,0.00000000000000e+00,3.78905260619555e-04,0.00000000000000e+00
9.56550664810794e-08,0.00000000000000e+00,0.00000000000000e+00,0.00000000000000e+00,-6.21811935734037e-05,0.00000000000000e+00
9.60023796528053e-08,0.00000000000000e+00,0.00000000000000e+00,0.00000000000000e+00,-8.20334019140027e-05,0.00000000000000e+00
9.64653161488914e-08,0.00000000000000e+00,0.00000000000000e+00,0.00000000000000e+00,8.71130620278287e-05,0.00000000000000e+00
9.70000000000000e-08,0.00000000000000e+00,0.00000000000000e+00,0.00000000000000e+00,-5.45532319464016e-05,0.00000000000000e+00
9.70100000000000e-08,0.00000000000000e+00,6.00000000000680e-02,5.99999999999886e-02,3.31079992296557e-04,0.00000000000000e+00
9.70300000000000e-08,0.00000000000000e+00,1.80000000000045e-01,1.79999999999966e-01,7.86252394586363e-04,0.00000000000000e+00
9.70700000000000e-08,0.00000000000000e+00,4.20000000000000e-01,4.19999999999920e-01,4.78727146799307e-04,0.00000000000000e+00
9.71000000000000e-08,0.00000000000000e+00,5.99999999999886e-01,5.99999999999886e-01,-1.65051015329530e-03,0.00000000000000e+00
9.71080000000000e-08,0.00000000000000e+00,6.00000000000000e-01,6.00000000000000e-01,-2.63037310019576e-03,0.00000000000000e+00
9.71240000000000e-08,0.00000000000000e+00,6.00000000000000e-01,6.00000000000000e-01,-4.06909257521005e-03,0.00000000000000e+00
9.71560000000000e-08,0.00000000000000e+00,6.00000000000000e-01,6.00000000000000e-01,-5.20925476080329e-03,0.00000000000000e+00
9.72200000000000e-08,0.00000000000000e+00,6.00000000000000e-01,6.00000000000000e-01,-6.54128155961787e-03,0.00000000000000e+00
9.73053390694379e-08,0.00000000000000e+00,6.00000000000000e-01,6.00000000000000e-01,-3.07773551796199e-03,0.00000000000000e+00
9.74419489636662e-08,0.00000000000000e+00,6.00000000000000e-01,6.00000000000000e-01,1.25299073981915e-03,0.00000000000000e+00
9.76239718566351e-08,0.00000000000000e+00,6.00000000000000e-01,6.00000000000000e-01,6.49673642361999e-04,0.00000000000000e+00
9.78792568366345e-08,0.00000000000000e+00,6.00000000000000e-01,6.00000000000000e-01,6.01326100794401e-05,0.00000000000000e+00
9.82381166176248e-08,0.00000000000000e+00,6.00000000000000e-01,6.00000000000000e-01,2.79255591146616e-04,0.00000000000000e+00
9.85746847404366e-08,0.00000000000000e+00,6.00000000000000e-01,6.00000000000000e-01,2.37746298107822e-04,0.00000000000000e+00
9.89454256814083e-08,0.00000000000000e+00,6.00000000000000e-01,6.00000000000000e-01,-1.18007962481627e-04,0.00000000000000e+00
9.93428753792417e-08,0.00000000000000e+00,6.00000000000000e-01,6.00000000000000e-01,3.34393937619836e-04,0.00000000000000e+00
9.97521769183873e-08,0.00000000000000e+00,6.00000000000000e-01,6.00000000000000e-01,-1.31960788405765e-04,0.00000000000000e+00
1.00000000000000e-07,0.00000000000000e+00,6.00000000000000e-01,6.00000000000000e-01,2.43746532314918e-04,0.00000000000000e+00
1.00010000000000e-07,5.99999999999886e-02,6.00000000000000e-01,6.00000000000000e-01,5.78818865701620e-04,0.00000000000000e+00
1.00030000000000e-07,1.79999999999966e-01,6.00000000000000e-01,6.00000000000000e-01,1.29590545273674e-03,0.00000000000000e+00
1.00070000000000e-07,4.19999999999920e-01,6.00000000000000e-01,6.00000000000000e-01,2.40190600669985e-03,0.00000000000000e+00
1.00100000000000e-07,5.99999999999966e-01,6.00000000000000e-01,6.00000000000000e-01,2.73806389922278e-03,0.00000000000000e+00
1.00108000000000e-07,6.00000000000000e-01,6.00000000000000e-01,6.00000000000000e-01,2.21893403387798e-03,0.00000000000000e+00
1.00124000000000e-07,6.00000000000000e-01,6.00000000000000e-01,6.00000000000000e-01,1.32576522954253e-03,0.00000000000000e+00
1.00156000000000e-07,6.00000000000000e-01,6.00000000000000e-01,6.00000000000000e-01,1.85727062201662e-04,0.00000000000000e+00
1.00220000000000e-07,6.00000000000000e-01,6.00000000000000e-01,6.00000000000000e-01,-1.44601198533437e-04,0.00000000000000e+00
1.00345293411880e-07,6.00000000000000e-01,6.00000000000000e-01,6.00000000000000e-01,3.29263519513795e-04,0.00000000000000e+00
1.00515684171119e-07,6.00000000000000e-01,6.00000000000000e-01,6.00000000000000e-01,-1.22315917416667e-03,0.00000000000000e+00
1.00774464094934e-07,6.00000000000000e-01,6.00000000000000e-01,6.00000000000000e-01,-1.10304389846491e-02,0.00000000000000e+00
1.01030111370996e-07,6.00000000000000e-01,6.00000000000000e-01,6.00000000000000e-01,-9.22143881755653e-03,0.00000000000000e+00
1.01405493494983e-07,6.00000000000000e-01,6.00000000000000e-01,6.00000000000000e-01,3.89032788304385e-01,0.00000000000000e+00
1.01755840182166e-07,6.00000000000000e-01,6.00000000000000e-01,6.00000000000000e-01,6.22248791081645e-01,0.00000000000000e+00
1.02117633713167e-07,6.00000000000000e-01,6.00000000000000e-01,6.00000000000000e-01,5.94505214657042e-01,0.00000000000000e+00
1.02612200581347e-07,6.00000000000000e-01,6.00000000000000e-01,6.00000000000000e-01,6.05059607361847e-01,0.00000000000000e+00
1.03125411167927e-07,6.00000000000000e-01,6.00000000000000e-01,6.00000000000000e-01,5.97745059864722e-01,0.00000000000000e+00
1.04151832341085e-07,6.00000000000000e-01,6.00000000000000e-01,6.00000000000000e-01,6.02388813206777e-01,0.00000000000000e+00
1.05100000000000e-07,6.00000000000000e-01,6.00000000000000e-01,6.00000000000000e-01,5.98467966571181e-01,0.00000000000000e+00
1.05110000000000e-07,5.40000000000016e-01,6.00000000000000e-01,6.00000000000000e-01,5.98316194013194e-01,0.00000000000000e+00
1.05130000000000e-07,4.20000000000039e-01,6.00000000000000e-01,6.00000000000000e-01,5.98022118676682e-01,0.00000000000000e+00
1.05170000000000e-07,1.80000000000085e-01,6.00000000000000e-01,6.00000000000000e-01,5.97576687787696e-01,0.00000000000000e+00
1.05200000000000e-07,3.93018950717305e-14,6.00000000000000e-01,6.00000000000000e-01,5.97895912153359e-01,0.00000000000000e+00
1.05208000000000e-07,0.00000000000000e+00,6.00000000000000e-01,6.00000000000000e-01,5.98617622981448e-01,0.00000000000000e+00
1.05224000000000e-07,0.00000000000000e+00,6.00000000000000e-01,6.00000000000000e-01,5.99804180585484e-01,0.00000000000000e+00
1.05256000000000e-07,0.00000000000000e+00,6.00000000000000e-01,6.00000000000000e-01,6.01223833370357e-01,0.00000000000000e+00
1.05320000000000e-07,0.00000000000000e+00,6.00000000000000e-01,6.00000000000000e-01,6.01765667020973e-01,0.00000000000000e+00
1.05448000000000e-07,0.00000000000000e+00,6.00000000000000e-01,6.00000000000000e-01,6.00782271487008e-01,0.00000000000000e+00
1.05700580051973e-07,0.00000000000000e+00,6.00000000000000e-01,6.00000000000000e-01,5.99585494479588e-01,0.00000000000000e+00
1.05991775292514e-07,0.00000000000000e+00,6.00000000000000e-01,6.00000000000000e-01,5.99971401362775e-01,0.00000000000000e+00
1.06509516574466e-07,0.00000000000000e+00,6.00000000000000e-01,6.00000000000000e-01,6.00194894387341e-01,0.00000000000000e+00
1.07077729600189e-07,0.00000000000000e+00,6.00000000000000e-01,6.00000000000000e-01,6.00023232605272e-01,0.00000000000000e+00
1.08109579852464e-07,0.00000000000000e+00,6.00000000000000e-01,6.00000000000000e-01,6.00117536996420e-01,0.00000000000000e+00
1.10000000000000e-07,0.00000000000000e+00,6.00000000000000e-01,6.00000000000000e-01,6.00003670042954e-01,0.00000000000000e+00
1.10010000000000e-07,5.99999999999092e-02,6.00000000000000e-01,6.00000000000000e-01,6.00907388221550e-01,0.00000000000000e+00
1.10030000000000e-07,1.79999999999886e-01,6.00000000000000e-01,6.00000000000000e-01,6.02177419873217e-01,0.00000000000000e+00
1.10070000000000e-07,4.19999999999841e-01,6.00000000000000e-01,6.00000000000000e-01,6.02190157467448e-01,0.00000000000000e+00
1.10100000000000e-07,5.99999999999886e-01,6.00000000000000e-01,6.00000000000000e-01,6.00020008890770e-01,0.00000000000000e+00
1.10108000000000e-07,6.00000000000000e-01,6.00000000000000e-01,6.00000000000000e-01,5.99343369859459e-01,0.00000000000000e+00
1.10124000000000e-07,6.00000000000000e-01,6.00000000000000e-01,6.00000000000000e-01,5.98303781484227e-01,0.00000000000000e+00
1.10156000000000e-07,6.00000000000000e-01,6.00000000000000e-01,6.00000000000000e-01,5.97468657038502e-01,0.00000000000000e+00
1.10220000000000e-07,6.00000000000000e-01,6.00000000000000e-01,6.00000000000000e-01,5.98071870104826e-01,0.00000000000000e+00
1.10348000000000e-07,6.00000000000000e-01,6.00000000000000e-01,6.00000000000000e-01,6.00445642558931e-01,0.00000000000000e+00
1.10548986930626e-07,6.00000000000000e-01,6.00000000000000e-01,6.00000000000000e-01,6.00936509083923e-01,0.00000000000000e+00
1.10767591781357e-07,6.00000000000000e-01,6.00000000000000e-01,6.00000000000000e-01,5.99941022726801e-01,0.00000000000000e+00
1.11097007877260e-07,6.00000000000000e-01,6.00000000000000e-01,6.00000000000000e-01,5.99989671268373e-01,0.00000000000000e+00
1.11100000000000e-07,6.00000000000000e-01,6.00000000000000e-01,6.00000000000000e-01,5.99993236510801e-01,0.00000000000000e+00
1.11105984245481e-07,6.00000000000000e-01,6.00000000000000e-01,5.64094527115891e-01,5.99995964909949e-01,0.00000000000000e+00
1.11117952736442e-07,6.00000000000000e-01,6.00000000000000e-01,4.92283581347674e-01,5.99998540999643e-01,0.00000000000000e+00
1.11138104499705e-07,6.00000000000000e-01,6.00000000000000e-01,3.71373001772425e-01,6.00001750901261e-01,0.00000000000000e+00
1.11178408026230e-07,6.00000000000000e-01,6.00000000000000e-01,1.29551842621926e-01,6.00016657617256e-01,0.00000000000000e+00
1.11200000000000e-07,6.00000000000000e-01,6.00000000000000e-01,3.44169137633799e-14,6.00028555208027e-01,0.00000000000000e+00
1.11208060705305e-07,6.00000000000000e-01,6.00000000000000e-01,0.00000000000000e+00,6.00035628984459e-01,0.00000000000000e+00
1.11224182115915e-07,6.00000000000000e-01,6.00000000000000e-01,0.00000000000000e+00,6.00047949756752e-01,0.00000000000000e+00
1.11256424937135e-07,6.00000000000000e-01,6.00000000000000e-01,0.00000000000000e+00,6.00057141285908e-01,0.00000000000000e+00
1.11320910579575e-07,6.00000000000000e-01,6.00000000000000e-01,0.00000000000000e+00,6.00044694379643e-01,0.00000000000000e+00
1.11449881864455e-07,6.00000000000000e-01,6.00000000000000e-01,0.00000000000000e+00,6.00025290558623e-01,0.00000000000000e+00
1.11688866697660e-07,6.00000000000000e-01,6.00000000000000e-01,0.00000000000000e+00,6.00039359948207e-01,0.00000000000000e+00
1.11906088205726e-07,6.00000000000000e-01,6.00000000000000e-01,0.00000000000000e+00,6.00194409747452e-01,0.00000000000000e+00
1.12142530993142e-07,6.00000000000000e-01,6.00000000000000e-01,0.00000000000000e+00,5.99754803845744e-01,0.00000000000000e+00
1.12491363219381e-07,6.00000000000000e-01,6.00000000000000e-01,0.00000000000000e+00,6.00206346107956e-01,0.00000000000000e+00
1.12864136456282e-07,6.00000000000000e-01,6.00000000000000e-01,0.00000000000000e+00,5.99971921296444e-01,0.00000000000000e+00
1.13277315765100e-07,6.00000000000000e-01,6.00000000000000e-01,0.00000000000000e+00,6.00021658827094e-01,0.00000000000000e+00
1.13722462429171e-07,6.00000000000000e-01,6.00000000000000e-01,0.00000000000000e+00,6.00070140225018e-01,0.00000000000000e+00
1.14142999810288e-07,6.00000000000000e-01,6.00000000000000e-01,0.00000000000000e+00,5.99972354721078e-01,0.00000000000000e+00
1.14720263813738e-07,6.00000000000000e-01,6.00000000000000e-01,0.00000000000000e+00,6.00082768099489e-01,0.00000000000000e+00
1.15100000000000e-07,6.00000000000000e-01,6.00000000000000e-01,0.00000000000000e+00,5.99964540767554e-01,0.00000000000000e+00
1.15110000000000e-07,5.40000000000016e-01,6.00000000000000e-01,0.00000000000000e+00,5.99621272373961e-01,0.00000000000000e+00
1.15130000000000e-07,4.20000000000039e-01,6.00000000000000e-01,0.00000000000000e+00,5.99061290180759e-01,0.00000000000000e+00
1.15170000000000e-07,1.80000000000085e-01,6.00000000000000e-01,0.00000000000000e+00,5.98101562593796e-01,0.00000000000000e+00
1.15200000000000e-07,3.93018950717305e-14,6.00000000000000e-01,0.00000000000000e+00,5.98368730389781e-01,0.00000000000000e+00
1.15208000000000e-07,0.00000000000000e+00,6.00000000000000e-01,0.00000000000000e+00,5.99108908499594e-01,0.00000000000000e+00
1.15224000000000e-07,0.00000000000000e+00,6.00000000000000e-01,0.00000000000000e+00,6.00376420273368e-01,0.00000000000000e+00
1.15256000000000e-07,0.00000000000000e+00,6.00000000000000e-01,0.00000000000000e+00,6.01778151487053e-01,0.00000000000000e+00
1.15320000000000e-07,0.00000000000000e+00,6.00000000000000e-01,0.00000000000000e+00,6.01839724812878e-01,0.00000000000000e+00
1.15448000000000e-07,0.00000000000000e+00,6.00000000000000e-01,0.00000000000000e+00,6.00276164617320e-01,0.00000000000000e+00
1.15704000000000e-07,0.00000000000000e+00,6.00000000000000e-01,0.00000000000000e+00,5.99341417172724e-01,0.00000000000000e+00
1.16065059442738e-07,0.00000000000000e+00,6.00000000000000e-01,0.00000000000000e+00,6.00131281956803e-01,0.00000000000000e+00
1.16399565592748e-07,0.00000000000000e+00,6.00000000000000e-01,0.00000000000000e+00,6.00030259236426e-01,0.00000000000000e+00
1.16751459541245e-07,0.00000000000000e+00,6.00000000000000e-01,0.00000000000000e+00,5.99994054241624e-01,0.00000000000000e+00
1.17294832754862e-07,0.00000000000000e+00,6.00000000000000e-01,0.00000000000000e+00,6.00045126096407e-01,0.00000000000000e+00
1.17836452478077e-07,0.00000000000000e+00,6.00000000000000e-01,0.00000000000000e+00,5.99997541642597e-01,0.00000000000000e+00
1.18648913725828e-07,0.00000000000000e+00,6.00000000000000e-01,0.00000000000000e+00,6.00030717630073e-01,0.00000000000000e+00
1.20000000000000e-07,0.00000000000000e+00,6.00000000000000e-01,0.00000000000000e+00,6.00001602800579e-01,0.00000000000000e+00
