0.00000000000000e+00,0.00000000000000e+00,0.00000000000000e+00,0.00000000000000e+00,8.19944809129620e-01,0.00000000000000e+00
5.00000000000000e-13,4.10000000000000e-03,4.10000000000000e-03,0.00000000000000e+00,8.21051366809613e-01,0.00000000000000e+00
1.00000000000000e-12,8.20000000000000e-03,8.20000000000000e-03,0.00000000000000e+00,8.22146591108919e-01,0.00000000000000e+00
2.00000000000000e-12,1.64000000000000e-02,1.64000000000000e-02,0.00000000000000e+00,8.24323563583729e-01,0.00000000000000e+00
4.00000000000000e-12,3.28000000000000e-02,3.28000000000000e-02,0.00000000000000e+00,8.28589129881707e-01,0.00000000000000e+00
8.00000000000000e-12,6.56000000000000e-02,6.56000000000000e-02,0.00000000000000e+00,8.36681791801083e-01,0.00000000000000e+00
1.60000000000000e-11,1.31200000000000e-01,1.31200000000000e-01,0.00000000000000e+00,8.51349157757764e-01,0.00000000000000e+00
3.20000000000000e-11,2.62400000000000e-01,2.62400000000000e-01,0.00000000000000e+00,8.74672232807741e-01,0.00000000000000e+00
6.40000000000000e-11,5.24800000000000e-01,5.24800000000000e-01,0.00000000000000e+00,8.88646026873222e-01,0.00000000000000e+00
1.00000000000000e-10,8.20000000000000e-01,8.20000000000000e-01,0.00000000000000e+00,8.70733990307223e-01,0.00000000000000e+00
1.05586757465808e-10,8.20000000000000e-01,8.20000000000000e-01,0.00000000000000e+00,8.60981165831255e-01,0.00000000000000e+00
1.16760272397423e-10,8.20000000000000e-01,8.20000000000000e-01,0.00000000000000e+00,8.46798339499336e-01,0.00000000000000e+00
1.39107302260654e-10,8.20000000000000e-01,8.20000000000000e-01,0.00000000000000e+00,8.34469304965665e-01,0.00000000000000e+00
1.76449116854658e-10,8.20000000000000e-01,8.20000000000000e-01,0.00000000000000e+00,8.27997825499621e-01,0.00000000000000e+00
2.16257353909726e-10,8.20000000000000e-01,8.20000000000000e-01,0.00000000000000e+00,8.24650215034585e-01,0.00000000000000e+00
2.85429347080555e-10,8.20000000000000e-01,8.20000000000000e-01,0.00000000000000e+00,8.21115232960919e-01,0.00000000000000e+00
3.68406341943913e-10,8.20000000000000e-01,8.20000000000000e-01,0.00000000000000e+00,8.20018802007790e-01,0.00000000000000e+00
4.46337535703495e-10,8.20000000000000e-01,8.20000000000000e-01,0.00000000000000e+00,8.19922014183718e-01,0.00000000000000e+00
5.42164874129441e-10,8.20000000000000e-01,8.20000000000000e-01,0.00000000000000e+00,8.19899187372925e-01,0.00000000000000e+00
6.61297263143902e-10,8.20000000000000e-01,8.20000000000000e-01,0.00000000000000e+00,8.19918642173191e-01,0.00000000000000e+00
7.80869691544374e-10,8.20000000000000e-01,8.20000000000000e-01,0.00000000000000e+00,8.19940374090614e-01,0.00000000000000e+00
9.99438309358619e-10,8.20000000000000e-01,8.20000000000000e-01,0.00000000000000e+00,8.19932736460412e-01,0.00000000000000e+00
1.22023378028553e-09,8.20000000000000e-01,8.20000000000000e-01,0.00000000000000e+00,8.19949642966268e-01,0.00000000000000e+00
1.66182472213936e-09,8.20000000000000e-01,8.20000000000000e-01,0.00000000000000e+00,8.19939669454906e-01,0.00000000000000e+00
2.54500660584700e-09,8.20000000000000e-01,8.20000000000000e-01,0.00000000000000e+00,8.19949657321400e-01,0.00000000000000e+00
4.29504508336933e-09,8.20000000000000e-01,8.20000000000000e-01,0.00000000000000e+00,8.19940163606302e-01,0.00000000000000e+00
5.10000000000000e-09,8.20000000000000e-01,8.20000000000000e-01,0.00000000000000e+00,8.19949118096745e-01,0.00000000000000e+00
5.11000000000000e-09,7.38000000000002e-01,8.20000000000000e-01,0.00000000000000e+00,8.19614246945241e-01,0.00000000000000e+00
5.13000000000000e-09,5.73999999999999e-01,8.20000000000000e-01,0.00000000000000e+00,8.19150560378978e-01,0.00000000000000e+00
5.17000000000000e-09,2.46000000000000e-01,8.20000000000000e-01,0.00000000000000e+00,8.19018238722438e-01,0.00000000000000e+00
5.20000000000000e-09,0.00000000000000e+00,8.20000000000000e-01,0.00000000000000e+00,8.19851538797531e-01,0.00000000000000e+00
5.20800000000000e-09,0.00000000000000e+00,8.20000000000000e-01,0.00000000000000e+00,8.20750128244969e-01,0.00000000000000e+00
5.22400000000000e-09,0.00000000000000e+00,8.20000000000000e-01,0.00000000000000e+00,8.21762372838064e-01,0.00000000000000e+00
5.25600000000000e-09,0.00000000000000e+00,8.20000000000000e-01,0.00000000000000e+00,8.21540698273085e-01,0.00000000000000e+00
5.32000000000000e-09,0.00000000000000e+00,8.20000000000000e-01,0.00000000000000e+00,8.20030962256883e-01,0.00000000000000e+00
5.43993796564885e-09,0.00000000000000e+00,8.20000000000000e-01,0.00000000000000e+00,8.19460674781180e-01,0.00000000000000e+00
5.59955397522152e-09,0.00000000000000e+00,8.20000000000000e-01,0.00000000000000e+00,8.19895864290273e-01,0.00000000000000e+00
5.73123516505783e-09,0.00000000000000e+00,8.20000000000000e-01,0.00000000000000e+00,8.19922501364039e-01,0.00000000000000e+00
5.86690509694728e-09,0.00000000000000e+00,8.20000000000000e-01,0.00000000000000e+00,8.19983370993349e-01,0.00000000000000e+00
6.05932229333752e-09,0.00000000000000e+00,8.20000000000000e-01,0.00000000000000e+00,8.19946633272957e-01,0.00000000000000e+00
6.25880316248309e-09,0.00000000000000e+00,8.20000000000000e-01,0.00000000000000e+00,8.19946890010998e-01,0.00000000000000e+00
6.60913827614473e-09,0.00000000000000e+00,8.20000000000000e-01,0.00000000000000e+00,8.19941520013246e-01,0.00000000000000e+00
7.00000000000000e-09,0.00000000000000e+00,8.20000000000000e-01,0.00000000000000e+00,8.19948699529075e-01,0.00000000000000e+00
7.01000000000000e-09,0.00000000000000e+00,8.20000000000000e-01,8.19999999999980e-02,8.20147777877451e-01,0.00000000000000e+00
7.03000000000000e-09,0.00000000000000e+00,8.20000000000000e-01,2.46000000000001e-01,8.20535977691892e-01,0.00000000000000e+00
7.07000000000000e-09,0.00000000000000e+00,8.20000000000000e-01,5.74000000000000e-01,8.21337806291202e-01,0.00000000000000e+00
7.10000000000000e-09,0.00000000000000e+00,8.20000000000000e-01,8.20000000000000e-01,8.20822476347707e-01,0.00000000000000e+00
7.10800000000000e-09,0.00000000000000e+00,8.20000000000000e-01,8.20000000000000e-01,8.20109621287281e-01,0.00000000000000e+00
7.12400000000000e-09,0.00000000000000e+00,8.20000000000000e-01,8.20000000000000e-01,8.19383514870852e-01,0.00000000000000e+00
7.15600000000000e-09,0.00000000000000e+00,8.20000000000000e-01,8.20000000000000e-01,8.19275552518235e-01,0.00000000000000e+00
7.22000000000000e-09,0.00000000000000e+00,8.20000000000000e-01,8.20000000000000e-01,8.19739448323555e-01,0.00000000000000e+00
7.30194419671859e-09,0.00000000000000e+00,8.20000000000000e-01,8.20000000000000e-01,8.19886543056084e-01,0.00000000000000e+00
7.39161855403349e-09,0.00000000000000e+00,8.20000000000000e-01,8.20000000000000e-01,8.19965470360056e-01,0.00000000000000e+00
7.52007568627166e-09,0.00000000000000e+00,8.20000000000000e-01,8.20000000000000e-01,8.19930772240140e-01,0.00000000000000e+00
7.65298740093380e-09,0.00000000000000e+00,8.20000000000000e-01,8.20000000000000e-01,8.20042572534814e-01,0.00000000000000e+00
7.77479939549903e-09,0.00000000000000e+00,8.20000000000000e-01,8.20000000000000e-01,8.20014508840894e-01,0.00000000000000e+00
7.92063039744194e-09,0.00000000000000e+00,8.20000000000000e-01,8.20000000000000e-01,8.19941330170537e-01,0.00000000000000e+00
8.10187695929584e-09,0.00000000000000e+00,8.20000000000000e-01,8.20000000000000e-01,8.19989140450735e-01,0.00000000000000e+00
8.27399400006437e-09,0.00000000000000e+00,8.20000000000000e-01,8.20000000000000e-01,8.19957129446164e-01,0.00000000000000e+00
8.49220931782981e-09,0.00000000000000e+00,8.20000000000000e-01,8.20000000000000e-01,8.19986320874803e-01,0.00000000000000e+00
8.72131821786511e-09,0.00000000000000e+00,8.20000000000000e-01,8.20000000000000e-01,8.19963332815025e-01,0.00000000000000e+00
9.09212024197636e-09,0.00000000000000e+00,8.20000000000000e-01,8.20000000000000e-01,8.19980781562624e-01,0.00000000000000e+00
9.51828564591863e-09,0.00000000000000e+00,8.20000000000000e-01,8.20000000000000e-01,8.19966476625866e-01,0.00000000000000e+00
1.00000000000000e-08,0.00000000000000e+00,8.20000000000000e-01,8.20000000000000e-01,8.19978596092141e-01,0.00000000000000e+00
1.00100000000000e-08,8.19999999999980e-02,8.20000000000000e-01,8.20000000000000e-01,8.20825230730669e-01,0.00000000000000e+00
1.00300000000000e-08,2.45999999999994e-01,8.20000000000000e-01,8.20000000000000e-01,8.21566065293560e-01,0.00000000000000e+00
1.00700000000000e-08,5.73999999999986e-01,8.20000000000000e-01,8.20000000000000e-01,8.20148965054519e-01,0.00000000000000e+00
1.01000000000000e-08,8.19999999999994e-01,8.20000000000000e-01,8.20000000000000e-01,8.17199820996432e-01,0.00000000000000e+00
1.01066984947019e-08,8.20000000000000e-01,8.20000000000000e-01,8.20000000000000e-01,8.16777477447741e-01,0.00000000000000e+00
1.01200954841058e-08,8.20000000000000e-01,8.20000000000000e-01,8.20000000000000e-01,8.16777942415425e-01,0.00000000000000e+00
1.01468894629136e-08,8.20000000000000e-01,8.20000000000000e-01,8.20000000000000e-01,8.18659671943026e-01,0.00000000000000e+00
1.01943875074905e-08,8.20000000000000e-01,8.20000000000000e-01,8.20000000000000e-01,8.21018740789871e-01,0.00000000000000e+00
1.02427509888649e-08,8.20000000000000e-01,8.20000000000000e-01,8.20000000000000e-01,8.21052493348152e-01,0.00000000000000e+00
1.03216983440139e-08,8.20000000000000e-01,8.20000000000000e-01,8.20000000000000e-01,8.20177112482017e-01,0.00000000000000e+00
1.04160973997762e-08,8.20000000000000e-01,8.20000000000000e-01,8.20000000000000e-01,8.19965301306810e-01,0.00000000000000e+00
1.06048955113009e-08,8.20000000000000e-01,8.20000000000000e-01,8.20000000000000e-01,8.19950314198004e-01,0.00000000000000e+00
1.09824917343502e-08,8.20000000000000e-01,8.20000000000000e-01,8.20000000000000e-01,8.19974909989901e-01,0.00000000000000e+00
1.17376841804489e-08,8.20000000000000e-01,8.20000000000000e-01,8.20000000000000e-01,8.19971817312641e-01,0.00000000000000e+00
1.32480690726463e-08,8.20000000000000e-01,8.20000000000000e-01,8.20000000000000e-01,8.19974037863227e-01,0.00000000000000e+00
1.51000000000000e-08,8.20000000000000e-01,8.20000000000000e-01,8.20000000000000e-01,8.19972218204368e-01,0.00000000000000e+00
1.51100000000000e-08,7.37999999999995e-01,8.20000000000000e-01,8.20000000000000e-01,8.19643034725038e-01,0.00000000000000e+00
1.51300000000000e-08,5.73999999999999e-01,8.20000000000000e-01,8.20000000000000e-01,8.19187078629267e-01,0.00000000000000e+00
1.51700000000000e-08,2.46000000000007e-01,8.20000000000000e-01,8.20000000000000e-01,8.19033597040610e-01,0.00000000000000e+00
1.52000000000000e-08,0.00000000000000e+00,8.20000000000000e-01,8.20000000000000e-01,8.19792091116897e-01,0.00000000000000e+00
1.52080000000000e-08,0.00000000000000e+00,8.20000000000000e-01,8.20000000000000e-01,8.20647420076450e-01,0.00000000000000e+00
1.52240000000000e-08,0.00000000000000e+00,8.20000000000000e-01,8.20000000000000e-01,8.21635543317969e-01,0.00000000000000e+00
1.52560000000000e-08,0.00000000000000e+00,8.20000000000000e-01,8.20000000000000e-01,8.21461162189819e-01,0.00000000000000e+00
1.53200000000000e-08,0.00000000000000e+00,8.20000000000000e-01,8.20000000000000e-01,8.20138333439646e-01,0.00000000000000e+00
1.54454205994347e-08,0.00000000000000e+00,8.20000000000000e-01,8.20000000000000e-01,8.19568753140994e-01,0.00000000000000e+00
1.56435663685302e-08,0.00000000000000e+00,8.20000000000000e-01,8.20000000000000e-01,8.19942128638899e-01,0.00000000000000e+00
1.59454858377349e-08,0.00000000000000e+00,8.20000000000000e-01,8.20000000000000e-01,8.19974575382143e-01,0.00000000000000e+00
1.62240489544618e-08,0.00000000000000e+00,8.20000000000000e-01,8.20000000000000e-01,8.19980196319898e-01,0.00000000000000e+00
1.66808963747244e-08,0.00000000000000e+00,8.20000000000000e-01,8.20000000000000e-01,8.19965479611977e-01,0.00000000000000e+00
1.75479134847263e-08,0.00000000000000e+00,8.20000000000000e-01,8.20000000000000e-01,8.19980483425845e-01,0.00000000000000e+00
1.92819477047302e-08,0.00000000000000e+00,8.20000000000000e-01,8.20000000000000e-01,8.19965807853635e-01,0.00000000000000e+00
2.00000000000000e-08,0.00000000000000e+00,8.20000000000000e-01,8.20000000000000e-01,8.19979935844342e-01,0.00000000000000e+00
2.00100000000000e-08,8.20000000000116e-02,8.20000000000000e-01,8.20000000000000e-01,8.20824247807559e-01,0.00000000000000e+00
2.00300000000000e-08,2.46000000000008e-01,8.20000000000000e-01,8.20000000000000e-01,8.21567890851143e-01,0.00000000000000e+00
2.00700000000000e-08,5.74000000000000e-01,8.20000000000000e-01,8.20000000000000e-01,8.20159641239425e-01,0.00000000000000e+00
2.01000000000000e-08,8.20000000000000e-01,8.20000000000000e-01,8.20000000000000e-01,8.17213730270367e-01,0.00000000000000e+00
2.01068024951704e-08,8.20000000000000e-01,8.20000000000000e-01,8.20000000000000e-01,8.16788102946682e-01,0.00000000000000e+00
2.01204074855113e-08,8.20000000000000e-01,8.20000000000000e-01,8.20000000000000e-01,8.16798351239636e-01,0.00000000000000e+00
2.01476174661931e-08,8.20000000000000e-01,8.20000000000000e-01,8.20000000000000e-01,8.18710185971644e-01,0.00000000000000e+00
2.01957160110251e-08,8.20000000000000e-01,8.20000000000000e-01,8.20000000000000e-01,8.21048290243394e-01,0.00000000000000e+00
2.02446791548420e-08,8.20000000000000e-01,8.20000000000000e-01,8.20000000000000e-01,8.21031715457509e-01,0.00000000000000e+00
2.03244427680302e-08,8.20000000000000e-01,8.20000000000000e-01,8.20000000000000e-01,8.20154580818937e-01,0.00000000000000e+00
2.04201548990344e-08,8.20000000000000e-01,8.20000000000000e-01,8.20000000000000e-01,8.19962890864196e-01,0.00000000000000e+00
2.06115791610426e-08,8.20000000000000e-01,8.20000000000000e-01,8.20000000000000e-01,8.19949407422701e-01,0.00000000000000e+00
2.09944276850592e-08,8.20000000000000e-01,8.20000000000000e-01,8.20000000000000e-01,8.19975681615895e-01,0.00000000000000e+00
2.11000000000000e-08,8.20000000000000e-01,8.20000000000000e-01,8.19999999999973e-01,8.19973658471903e-01,0.00000000000000e+00
2.11100000000000e-08,8.20000000000000e-01,8.20000000000000e-01,7.37999999999961e-01,8.19419260844778e-01,0.00000000000000e+00
2.11300000000000e-08,8.20000000000000e-01,8.20000000000000e-01,5.73999999999965e-01,8.19064935133773e-01,0.00000000000000e+00
2.11700000000000e-08,8.20000000000000e-01,8.20000000000000e-01,2.45999999999973e-01,8.19302306116215e-01,0.00000000000000e+00
2.12000000000000e-08,8.20000000000000e-01,8.20000000000000e-01,0.00000000000000e+00,8.18900977286423e-01,0.00000000000000e+00
2.12071615099012e-08,8.20000000000000e-01,8.20000000000000e-01,0.00000000000000e+00,8.19082601480486e-01,0.00000000000000e+00
2.12214845297036e-08,8.20000000000000e-01,8.20000000000000e-01,0.00000000000000e+00,8.19800781321215e-01,0.00000000000000e+00
2.12501305693084e-08,8.20000000000000e-01,8.20000000000000e-01,0.00000000000000e+00,8.20936092566862e-01,0.00000000000000e+00
2.12969795479636e-08,8.20000000000000e-01,8.20000000000000e-01,0.00000000000000e+00,8.20480870055835e-01,0.00000000000000e+00
2.13595787319646e-08,8.20000000000000e-01,8.20000000000000e-01,0.00000000000000e+00,8.20098570156076e-01,0.00000000000000e+00
2.14380942412911e-08,8.20000000000000e-01,8.20000000000000e-01,0.00000000000000e+00,8.19964171115319e-01,0.00000000000000e+00
2.15303558013575e-08,8.20000000000000e-01,8.20000000000000e-01,0.00000000000000e+00,8.19959174117025e-01,0.00000000000000e+00
2.16416632156849e-08,8.20000000000000e-01,8.20000000000000e-01,0.00000000000000e+00,8.19940350943313e-01,0.00000000000000e+00
2.17443719386622e-08,8.20000000000000e-01,8.20000000000000e-01,0.00000000000000e+00,8.19941790594398e-01,0.00000000000000e+00
2.18818103095457e-08,8.20000000000000e-01,8.20000000000000e-01,0.00000000000000e+00,8.19954934387878e-01,0.00000000000000e+00
2.20480536915364e-08,8.20000000000000e-01,8.20000000000000e-01,0.00000000000000e+00,8.19937886326018e-01,0.00000000000000e+00
2.22926789171132e-08,8.20000000000000e-01,8.20000000000000e-01,0.00000000000000e+00,8.19949720737816e-01,0.00000000000000e+00
2.27252977891837e-08,8.20000000000000e-01,8.20000000000000e-01,0.00000000000000e+00,8.19940785833449e-01,0.00000000000000e+00
2.35080149855567e-08,8.20000000000000e-01,8.20000000000000e-01,0.00000000000000e+00,8.19948397493459e-01,0.00000000000000e+00
2.48730675665656e-08,8.20000000000000e-01,8.20000000000000e-01,0.00000000000000e+00,8.19941490107422e-01,0.00000000000000e+00
2.51000000000000e-08,8.20000000000000e-01,8.20000000000000e-01,0.00000000000000e+00,8.19946796501871e-01,0.00000000000000e+00
2.51100000000000e-08,7.37999999999995e-01,8.20000000000000e-01,0.00000000000000e+00,8.19611895676604e-01,0.00000000000000e+00
2.51300000000000e-08,5.73999999999999e-01,8.20000000000000e-01,0.00000000000000e+00,8.19149491841454e-01,0.00000000000000e+00
2.51700000000000e-08,2.46000000000007e-01,8.20000000000000e-01,0.00000000000000e+00,8.19017323953586e-01,0.00000000000000e+00
2.52000000000000e-08,0.00000000000000e+00,8.20000000000000e-01,0.00000000000000e+00,8.19852090991388e-01,0.00000000000000e+00
2.52080000000000e-08,0.00000000000000e+00,8.20000000000000e-01,0.00000000000000e+00,8.20749521091785e-01,0.00000000000000e+00
2.52240000000000e-08,0.00000000000000e+00,8.20000000000000e-01,0.00000000000000e+00,8.21760243828116e-01,0.00000000000000e+00
2.52560000000000e-08,0.00000000000000e+00,8.20000000000000e-01,0.00000000000000e+00,8.21540321211302e-01,0.00000000000000e+00
2.53200000000000e-08,0.00000000000000e+00,8.20000000000000e-01,0.00000000000000e+00,8.20033980396308e-01,0.00000000000000e+00
2.54400464049509e-08,0.00000000000000e+00,8.20000000000000e-01,0.00000000000000e+00,8.19459258267110e-01,0.00000000000000e+00
2.56004895456880e-08,0.00000000000000e+00,8.20000000000000e-01,0.00000000000000e+00,8.19897721534854e-01,0.00000000000000e+00
2.57320764102589e-08,0.00000000000000e+00,8.20000000000000e-01,0.00000000000000e+00,8.19922959342945e-01,0.00000000000000e+00
2.58676764348512e-08,0.00000000000000e+00,8.20000000000000e-01,0.00000000000000e+00,8.19982922643056e-01,0.00000000000000e+00
2.60608156375188e-08,0.00000000000000e+00,8.20000000000000e-01,0.00000000000000e+00,8.20007861076589e-01,0.00000000000000e+00
2.62593520836998e-08,0.00000000000000e+00,8.20000000000000e-01,0.00000000000000e+00,8.19931196292641e-01,0.00000000000000e+00
2.66083266876943e-08,0.00000000000000e+00,8.20000000000000e-01,0.00000000000000e+00,8.19949237474667e-01,0.00000000000000e+00
2.71429707044909e-08,0.00000000000000e+00,8.20000000000000e-01,0.00000000000000e+00,8.19943672782091e-01,0.00000000000000e+00
2.82122587380841e-08,0.00000000000000e+00,8.20000000000000e-01,0.00000000000000e+00,8.19944899028681e-01,0.00000000000000e+00
3.00000000000000e-08,0.00000000000000e+00,8.20000000000000e-01,0.00000000000000e+00,8.19945310629802e-01,0.00000000000000e+00
3.00100000000000e-08,8.19999999999844e-02,8.20000000000000e-01,0.00000000000000e+00,8.20814876946267e-01,0.00000000000000e+00
3.00300000000000e-08,2.46000000000008e-01,8.20000000000000e-01,0.00000000000000e+00,8.21475680685847e-01,0.00000000000000e+00
3.00700000000000e-08,5.74000000000000e-01,8.20000000000000e-01,0.00000000000000e+00,8.17501764378831e-01,0.00000000000000e+00
3.01000000000000e-08,8.20000000000000e-01,8.20000000000000e-01,0.00000000000000e+00,8.10647712934356e-01,0.00000000000000e+00
3.01057423588963e-08,8.20000000000000e-01,8.20000000000000e-01,0.00000000000000e+00,8.09883812979753e-01,0.00000000000000e+00
3.01172270766890e-08,8.20000000000000e-01,8.20000000000000e-01,0.00000000000000e+00,8.09654337368071e-01,0.00000000000000e+00
3.01401965122744e-08,8.20000000000000e-01,8.20000000000000e-01,0.00000000000000e+00,8.13576514360849e-01,0.00000000000000e+00
3.01700159775891e-08,8.20000000000000e-01,8.20000000000000e-01,0.00000000000000e+00,8.23051569752785e-01,0.00000000000000e+00
3.02296549082186e-08,8.20000000000000e-01,8.20000000000000e-01,0.00000000000000e+00,8.48535622566187e-01,0.00000000000000e+00
3.02876109389543e-08,8.20000000000000e-01,8.20000000000000e-01,0.00000000000000e+00,8.52444767514574e-01,0.00000000000000e+00
3.04008180388013e-08,8.20000000000000e-01,8.20000000000000e-01,0.00000000000000e+00,6.62833423072456e-01,0.00000000000000e+00
3.05456979864647e-08,8.20000000000000e-01,8.20000000000000e-01,0.00000000000000e+00,4.41595073745064e-02,0.00000000000000e+00
3.06936139921943e-08,8.20000000000000e-01,8.20000000000000e-01,0.00000000000000e+00,-9.05863127907451e-03,0.00000000000000e+00
3.08825210306679e-08,8.20000000000000e-01,8.20000000000000e-01,0.00000000000000e+00,9.80862232886729e-03,0.00000000000000e+00
3.11662272706215e-08,8.20000000000000e-01,8.20000000000000e-01,0.00000000000000e+00,-7.16497053320813e-03,0.00000000000000e+00
3.14609067931899e-08,8.20000000000000e-01,8.20000000000000e-01,0.00000000000000e+00,6.16520926569297e-03,0.00000000000000e+00
3.20282163773664e-08,8.20000000000000e-01,8.20000000000000e-01,0.00000000000000e+00,-5.66337664251435e-03,0.00000000000000e+00
3.27513700832044e-08,8.20000000000000e-01,8.20000000000000e-01,0.00000000000000e+00,5.33501929545150e-03,0.00000000000000e+00
3.41136190219986e-08,8.20000000000000e-01,8.20000000000000e-01,0.00000000000000e+00,-5.14095902854623e-03,0.00000000000000e+00
3.51000000000000e-08,8.20000000000000e-01,8.20000000000000e-01,0.00000000000000e+00,4.92076393761970e-03,0.00000000000000e+00
3.51100000000000e-08,7.38000000000022e-01,8.20000000000000e-01,0.00000000000000e+00,2.26097589516104e-03,0.00000000000000e+00
3.51300000000000e-08,5.73999999999999e-01,8.20000000000000e-01,0.00000000000000e+00,-4.85304511419702e-04,0.00000000000000e+00
3.51700000000000e-08,2.46000000000007e-01,8.20000000000000e-01,0.00000000000000e+00,-3.21139511360543e-04,0.00000000000000e+00
3.52000000000000e-08,0.00000000000000e+00,8.20000000000000e-01,0.00000000000000e+00,-4.07248249136745e-04,0.00000000000000e+00
3.52080000000000e-08,0.00000000000000e+00,8.20000000000000e-01,0.00000000000000e+00,1.11824984354438e-04,0.00000000000000e+00
3.52240000000000e-08,0.00000000000000e+00,8.20000000000000e-01,0.00000000000000e+00,5.32485764520849e-04,0.00000000000000e+00
3.52560000000000e-08,0.00000000000000e+00,8.20000000000000e-01,0.00000000000000e+00,4.59786592826086e-04,0.00000000000000e+00
3.53200000000000e-08,0.00000000000000e+00,8.20000000000000e-01,0.00000000000000e+00,2.97356633079575e-04,0.00000000000000e+00
3.54222289637998e-08,0.00000000000000e+00,8.20000000000000e-01,0.00000000000000e+00,-1.73730222026868e-04,0.00000000000000e+00
3.55441716330120e-08,0.00000000000000e+00,8.20000000000000e-01,0.00000000000000e+00,4.02064925622840e-05,0.00000000000000e+00
3.56806200883999e-08,0.00000000000000e+00,8.20000000000000e-01,0.00000000000000e+00,1.94017439052730e-05,0.00000000000000e+00
3.59535169991757e-08,0.00000000000000e+00,8.20000000000000e-01,0.00000000000000e+00,-1.56367628642953e-05,0.00000000000000e+00
3.62242107070791e-08,0.00000000000000e+00,8.20000000000000e-01,0.00000000000000e+00,1.87836747044120e-05,0.00000000000000e+00
3.67655981228860e-08,0.00000000000000e+00,8.20000000000000e-01,0.00000000000000e+00,-1.84549625101787e-05,0.00000000000000e+00
3.70000000000000e-08,0.00000000000000e+00,8.20000000000000e-01,0.00000000000000e+00,1.71236800254418e-05,0.00000000000000e+00
3.70100000000000e-08,0.00000000000000e+00,8.20000000000000e-01,8.19999999999844e-02,2.28320368156383e-04,0.00000000000000e+00
3.70300000000000e-08,0.00000000000000e+00,8.20000000000000e-01,2.46000000000008e-01,3.82897340334024e-04,0.00000000000000e+00
3.70700000000000e-08,0.00000000000000e+00,8.20000000000000e-01,5.74000000000000e-01,7.03962565100558e-04,0.00000000000000e+00
3.71000000000000e-08,0.00000000000000e+00,8.20000000000000e-01,8.20000000000000e-01,1.15036835065664e-04,0.00000000000000e+00
3.71080000000000e-08,0.00000000000000e+00,8.20000000000000e-01,8.20000000000000e-01,-5.16145729441449e-04,0.00000000000000e+00
3.71240000000000e-08,0.00000000000000e+00,8.20000000000000e-01,8.20000000000000e-01,-8.64502707421256e-04,0.00000000000000e+00
3.71560000000000e-08,0.00000000000000e+00,8.20000000000000e-01,8.20000000000000e-01,-1.57370952501898e-04,0.00000000000000e+00
3.72200000000000e-08,0.00000000000000e+00,8.20000000000000e-01,8.20000000000000e-01,6.84938356553463e-05,0.00000000000000e+00
3.73015102388076e-08,0.00000000000000e+00,8.20000000000000e-01,8.20000000000000e-01,-4.77936728050321e-05,0.00000000000000e+00
3.73914245940658e-08,0.00000000000000e+00,8.20000000000000e-01,8.20000000000000e-01,3.71145963552053e-05,0.00000000000000e+00
3.75196719648742e-08,0.00000000000000e+00,8.20000000000000e-01,8.20000000000000e-01,-4.68750560698085e-05,0.00000000000000e+00
3.76523751186880e-08,0.00000000000000e+00,8.20000000000000e-01,8.20000000000000e-01,7.11108284971976e-05,0.00000000000000e+00
3.77742753470354e-08,0.00000000000000e+00,8.20000000000000e-01,8.20000000000000e-01,-2.24050652721226e-05,0.00000000000000e+00
3.79197806542685e-08,0.00000000000000e+00,8.20000000000000e-01,8.20000000000000e-01,1.16969418485058e-05,0.00000000000000e+00
3.81019203146475e-08,0.00000000000000e+00,8.20000000000000e-01,8.20000000000000e-01,3.50993551034178e-06,0.00000000000000e+00
3.82751007708211e-08,0.00000000000000e+00,8.20000000000000e-01,8.20000000000000e-01,1.91140286532433e-06,0.00000000000000e+00
3.84932568219642e-08,0.00000000000000e+00,8.20000000000000e-01,8.20000000000000e-01,1.23468342090286e-05,0.00000000000000e+00
3.87222381692524e-08,0.00000000000000e+00,8.20000000000000e-01,8.20000000000000e-01,-5.69039584805798e-07,0.00000000000000e+00
3.90920129157070e-08,0.00000000000000e+00,8.20000000000000e-01,8.20000000000000e-01,1.26462168517491e-05,0.00000000000000e+00
3.95165665580548e-08,0.00000000000000e+00,8.20000000000000e-01,8.20000000000000e-01,-1.82875260902553e-07,0.00000000000000e+00
4.00000000000000e-08,0.00000000000000e+00,8.20000000000000e-01,8.20000000000000e-01,1.20494099472715e-05,0.00000000000000e+00
4.00100000000000e-08,8.19999999999844e-02,8.20000000000000e-01,8.20000000000000e-01,4.90731756534315e-04,0.00000000000000e+00
4.00300000000000e-08,2.46000000000008e-01,8.20000000000000e-01,8.20000000000000e-01,1.27041738825907e-03,0.00000000000000e+00
4.00700000000000e-08,5.74000000000000e-01,8.20000000000000e-01,8.20000000000000e-01,1.44848781402993e-03,0.00000000000000e+00
4.01000000000000e-08,8.20000000000000e-01,8.20000000000000e-01,8.20000000000000e-01,-6.38974304006143e-05,0.00000000000000e+00
4.01066576821113e-08,8.20000000000000e-01,8.20000000000000e-01,8.20000000000000e-01,-1.00252614922114e-03,0.00000000000000e+00
4.01199730463340e-08,8.20000000000000e-01,8.20000000000000e-01,8.20000000000000e-01,-2.21652407271235e-03,0.00000000000000e+00
4.01466037747793e-08,8.20000000000000e-01,8.20000000000000e-01,8.20000000000000e-01,-3.50022628962277e-03,0.00000000000000e+00
4.01998652316699e-08,8.20000000000000e-01,8.20000000000000e-01,8.20000000000000e-01,-9.44660384663707e-03,0.00000000000000e+00
4.02499610466030e-08,8.20000000000000e-01,8.20000000000000e-01,8.20000000000000e-01,-1.67130395826648e-02,0.00000000000000e+00
4.03371767401812e-08,8.20000000000000e-01,8.20000000000000e-01,8.20000000000000e-01,-7.75837428749919e-03,0.00000000000000e+00
4.04309171652936e-08,8.20000000000000e-01,8.20000000000000e-01,8.20000000000000e-01,3.79571947982338e-01,0.00000000000000e+00
4.05805834521477e-08,8.20000000000000e-01,8.20000000000000e-01,8.20000000000000e-01,7.91518798490581e-01,0.00000000000000e+00
4.07435348886954e-08,8.20000000000000e-01,8.20000000000000e-01,8.20000000000000e-01,8.24157850949933e-01,0.00000000000000e+00
4.09144333840956e-08,8.20000000000000e-01,8.20000000000000e-01,8.20000000000000e-01,8.18505447008981e-01,0.00000000000000e+00
4.11730010310701e-08,8.20000000000000e-01,8.20000000000000e-01,8.20000000000000e-01,8.20698704644035e-01,0.00000000000000e+00
4.16651258250318e-08,8.20000000000000e-01,8.20000000000000e-01,8.20000000000000e-01,8.19413192747436e-01,0.00000000000000e+00
4.26212453806950e-08,8.20000000000000e-01,8.20000000000000e-01,8.20000000000000e-01,8.20461170717955e-01,0.00000000000000e+00
4.43400902906641e-08,8.20000000000000e-01,8.20000000000000e-01,8.20000000000000e-01,8.19520276267829e-01,0.00000000000000e+00
4.51000000000000e-08,8.20000000000000e-01,8.20000000000000e-01,8.20000000000000e-01,8.20356361401576e-01,0.00000000000000e+00
4.51100000000000e-08,7.38000000000022e-01,8.20000000000000e-01,8.20000000000000e-01,8.19854485091515e-01,0.00000000000000e+00
4.51300000000000e-08,5.73999999999999e-01,8.20000000000000e-01,8.20000000000000e-01,8.19169908207506e-01,0.00000000000000e+00
4.51700000000000e-08,2.46000000000007e-01,8.20000000000000e-01,8.20000000000000e-01,8.18993431368230e-01,0.00000000000000e+00
4.52000000000000e-08,0.00000000000000e+00,8.20000000000000e-01,8.20000000000000e-01,8.19554133008587e-01,0.00000000000000e+00
4.52080000000000e-08,0.00000000000000e+00,8.20000000000000e-01,8.20000000000000e-01,8.20330921606087e-01,0.00000000000000e+00
4.52240000000000e-08,0.00000000000000e+00,8.20000000000000e-01,8.20000000000000e-01,8.21398809909721e-01,0.00000000000000e+00
4.52560000000000e-08,0.00000000000000e+00,8.20000000000000e-01,8.20000000000000e-01,8.21554014055045e-01,0.00000000000000e+00
4.53200000000000e-08,0.00000000000000e+00,8.20000000000000e-01,8.20000000000000e-01,8.20466967912067e-01,0.00000000000000e+00
4.54246912698116e-08,0.00000000000000e+00,8.20000000000000e-01,8.20000000000000e-01,8.19597880228134e-01,0.00000000000000e+00
4.56257419451636e-08,0.00000000000000e+00,8.20000000000000e-01,8.20000000000000e-01,8.19842484100935e-01,0.00000000000000e+00
4.59017941348483e-08,0.00000000000000e+00,8.20000000000000e-01,8.20000000000000e-01,8.20007578350910e-01,0.00000000000000e+00
4.61796938604347e-08,0.00000000000000e+00,8.20000000000000e-01,8.20000000000000e-01,8.19966472663519e-01,0.00000000000000e+00
4.66109333922512e-08,0.00000000000000e+00,8.20000000000000e-01,8.20000000000000e-01,8.19973380123686e-01,0.00000000000000e+00
4.74577521678533e-08,0.00000000000000e+00,8.20000000000000e-01,8.20000000000000e-01,8.19974440956118e-01,0.00000000000000e+00
4.91513897190574e-08,0.00000000000000e+00,8.20000000000000e-01,8.20000000000000e-01,8.19971102046274e-01,0.00000000000000e+00
5.00000000000000e-08,0.00000000000000e+00,8.20000000000000e-01,8.20000000000000e-01,8.19975947761127e-01,0.00000000000000e+00
5.00100000000000e-08,8.19999999999844e-02,8.20000000000000e-01,8.20000000000000e-01,8.20820025898997e-01,0.00000000000000e+00
5.00300000000000e-08,2.46000000000008e-01,8.20000000000000e-01,8.20000000000000e-01,8.21565013405455e-01,0.00000000000000e+00
5.00700000000000e-08,5.74000000000000e-01,8.20000000000000e-01,8.20000000000000e-01,8.20161585783317e-01,0.00000000000000e+00
5.01000000000000e-08,8.20000000000000e-01,8.20000000000000e-01,8.20000000000000e-01,8.17217920533828e-01,0.00000000000000e+00
5.01068029561172e-08,8.20000000000000e-01,8.20000000000000e-01,8.20000000000000e-01,8.16791157676001e-01,0.00000000000000e+00
5.01204088683517e-08,8.20000000000000e-01,8.20000000000000e-01,8.20000000000000e-01,8.16799059149993e-01,0.00000000000000e+00
5.01476206928206e-08,8.20000000000000e-01,8.20000000000000e-01,8.20000000000000e-01,8.18709720547479e-01,0.00000000000000e+00
5.01957281024249e-08,8.20000000000000e-01,8.20000000000000e-01,8.20000000000000e-01,8.21048464040162e-01,0.00000000000000e+00
5.02446997116183e-08,8.20000000000000e-01,8.20000000000000e-01,8.20000000000000e-01,8.21031412232300e-01,0.00000000000000e+00
5.03244782659595e-08,8.20000000000000e-01,8.20000000000000e-01,8.20000000000000e-01,8.20152758759422e-01,0.00000000000000e+00
5.04202031115030e-08,8.20000000000000e-01,8.20000000000000e-01,8.20000000000000e-01,8.19962650032344e-01,0.00000000000000e+00
5.06116528025900e-08,8.20000000000000e-01,8.20000000000000e-01,8.20000000000000e-01,8.19949145919642e-01,0.00000000000000e+00
5.09945521847640e-08,8.20000000000000e-01,8.20000000000000e-01,8.20000000000000e-01,8.19975783230239e-01,0.00000000000000e+00
5.11000000000000e-08,8.20000000000000e-01,8.20000000000000e-01,8.20000000000000e-01,8.19973501472229e-01,0.00000000000000e+00
5.11100000000000e-08,8.20000000000000e-01,8.20000000000000e-01,7.38000000000016e-01,8.19418611904526e-01,0.00000000000000e+00
5.11300000000000e-08,8.20000000000000e-01,8.20000000000000e-01,5.73999999999992e-01,8.19061999392332e-01,0.00000000000000e+00
5.11700000000000e-08,8.20000000000000e-01,8.20000000000000e-01,2.46000000000000e-01,8.19304269752373e-01,0.00000000000000e+00
5.12000000000000e-08,8.20000000000000e-01,8.20000000000000e-01,0.00000000000000e+00,8.18901634513492e-01,0.00000000000000e+00
5.12071617526389e-08,8.20000000000000e-01,8.20000000000000e-01,0.00000000000000e+00,8.19083210580432e-01,0.00000000000000e+00
5.12214852579166e-08,8.20000000000000e-01,8.20000000000000e-01,0.00000000000000e+00,8.19801298153327e-01,0.00000000000000e+00
5.12501322684721e-08,8.20000000000000e-01,8.20000000000000e-01,0.00000000000000e+00,8.20936456796771e-01,0.00000000000000e+00
5.12969808522807e-08,8.20000000000000e-01,8.20000000000000e-01,0.00000000000000e+00,8.20480974501756e-01,0.00000000000000e+00
5.13595819217077e-08,8.20000000000000e-01,8.20000000000000e-01,0.00000000000000e+00,8.20098585165355e-01,0.00000000000000e+00
5.14380984388107e-08,8.20000000000000e-01,8.20000000000000e-01,0.00000000000000e+00,8.19964171333767e-01,0.00000000000000e+00
5.15303560735185e-08,8.20000000000000e-01,8.20000000000000e-01,0.00000000000000e+00,8.19959174940730e-01,0.00000000000000e+00
5.16416599999962e-08,8.20000000000000e-01,8.20000000000000e-01,0.00000000000000e+00,8.19940350497328e-01,0.00000000000000e+00
5.17443714528247e-08,8.20000000000000e-01,8.20000000000000e-01,0.00000000000000e+00,8.19941790669534e-01,0.00000000000000e+00
5.18818045047410e-08,8.20000000000000e-01,8.20000000000000e-01,0.00000000000000e+00,8.19954934099532e-01,0.00000000000000e+00
5.20480543099130e-08,8.20000000000000e-01,8.20000000000000e-01,0.00000000000000e+00,8.19937886835058e-01,0.00000000000000e+00
5.22926722529743e-08,8.20000000000000e-01,8.20000000000000e-01,0.00000000000000e+00,8.19949720158305e-01,0.00000000000000e+00
5.27253107065484e-08,8.20000000000000e-01,8.20000000000000e-01,0.00000000000000e+00,8.19940786295485e-01,0.00000000000000e+00
5.35080651995482e-08,8.20000000000000e-01,8.20000000000000e-01,0.00000000000000e+00,8.19948397067461e-01,0.00000000000000e+00
5.48731851139608e-08,8.20000000000000e-01,8.20000000000000e-01,0.00000000000000e+00,8.19941490499397e-01,0.00000000000000e+00
5.51000000000000e-08,8.20000000000000e-01,8.20000000000000e-01,0.00000000000000e+00,8.19946795586729e-01,0.00000000000000e+00
5.51100000000000e-08,7.38000000000022e-01,8.20000000000000e-01,0.00000000000000e+00,8.19611895206989e-01,0.00000000000000e+00
5.51300000000000e-08,5.73999999999999e-01,8.20000000000000e-01,0.00000000000000e+00,8.19149491635376e-01,0.00000000000000e+00
5.51700000000000e-08,2.46000000000007e-01,8.20000000000000e-01,0.00000000000000e+00,8.19017323730597e-01,0.00000000000000e+00
5.52000000000000e-08,0.00000000000000e+00,8.20000000000000e-01,0.00000000000000e+00,8.19852090002833e-01,0.00000000000000e+00
5.52080000000000e-08,0.00000000000000e+00,8.20000000000000e-01,0.00000000000000e+00,8.20749520456736e-01,0.00000000000000e+00
5.52240000000000e-08,0.00000000000000e+00,8.20000000000000e-01,0.00000000000000e+00,8.21760244138921e-01,0.00000000000000e+00
5.52560000000000e-08,0.00000000000000e+00,8.20000000000000e-01,0.00000000000000e+00,8.21540321334198e-01,0.00000000000000e+00
5.53200000000000e-08,0.00000000000000e+00,8.20000000000000e-01,0.00000000000000e+00,8.20033977590662e-01,0.00000000000000e+00
5.54400461781643e-08,0.00000000000000e+00,8.20000000000000e-01,0.00000000000000e+00,8.19459261027987e-01,0.00000000000000e+00
5.56004876117542e-08,0.00000000000000e+00,8.20000000000000e-01,0.00000000000000e+00,8.19897718335167e-01,0.00000000000000e+00
5.57320746481600e-08,0.00000000000000e+00,8.20000000000000e-01,0.00000000000000e+00,8.19922957994607e-01,0.00000000000000e+00
5.58676747931822e-08,0.00000000000000e+00,8.20000000000000e-01,0.00000000000000e+00,8.19982923682034e-01,0.00000000000000e+00
5.60608125184080e-08,0.00000000000000e+00,8.20000000000000e-01,0.00000000000000e+00,8.20007862002807e-01,0.00000000000000e+00
5.61000000000000e-08,0.00000000000000e+00,8.20000000000000e-01,0.00000000000000e+00,8.19979854678292e-01,0.00000000000000e+00
5.61100000000000e-08,0.00000000000000e+00,7.38000000000016e-01,0.00000000000000e+00,8.13885237408943e-01,0.00000000000000e+00
5.61300000000000e-08,0.00000000000000e+00,5.73999999999992e-01,0.00000000000000e+00,7.93506757255336e-01,0.00000000000000e+00
5.61700000000000e-08,0.00000000000000e+00,2.46000000000000e-01,0.00000000000000e+00,7.27228804187111e-01,0.00000000000000e+00
5.62000000000000e-08,0.00000000000000e+00,0.00000000000000e+00,0.00000000000000e+00,6.65669258599320e-01,0.00000000000000e+00
5.62080000000000e-08,0.00000000000000e+00,0.00000000000000e+00,0.00000000000000e+00,6.67044296758492e-01,0.00000000000000e+00
5.62240000000000e-08,0.00000000000000e+00,0.00000000000000e+00,0.00000000000000e+00,6.68892243847823e-01,0.00000000000000e+00
5.62560000000000e-08,0.00000000000000e+00,0.00000000000000e+00,0.00000000000000e+00,6.65393204159286e-01,0.00000000000000e+00
5.63200000000000e-08,0.00000000000000e+00,0.00000000000000e+00,0.00000000000000e+00,6.39118998844783e-01,0.00000000000000e+00
5.64193832847702e-08,0.00000000000000e+00,0.00000000000000e+00,0.00000000000000e+00,6.41480127264233e-01,0.00000000000000e+00
5.65477056501318e-08,0.00000000000000e+00,0.00000000000000e+00,0.00000000000000e+00,7.00049818097213e-01,0.00000000000000e+00
5.66660183735486e-08,0.00000000000000e+00,0.00000000000000e+00,0.00000000000000e+00,7.29093747470848e-01,0.00000000000000e+00
5.67956574692223e-08,0.00000000000000e+00,0.00000000000000e+00,0.00000000000000e+00,7.56405984197211e-01,0.00000000000000e+00
5.69197508515117e-08,0.00000000000000e+00,0.00000000000000e+00,0.00000000000000e+00,7.80751542570484e-01,0.00000000000000e+00
5.70539819315324e-08,0.00000000000000e+00,0.00000000000000e+00,0.00000000000000e+00,7.97252332521799e-01,0.00000000000000e+00
5.71863749600027e-08,0.00000000000000e+00,0.00000000000000e+00,0.00000000000000e+00,8.06900540679498e-01,0.00000000000000e+00
5.73511157938170e-08,0.00000000000000e+00,0.00000000000000e+00,0.00000000000000e+00,8.13769071541941e-01,0.00000000000000e+00
5.75087499645600e-08,0.00000000000000e+00,0.00000000000000e+00,0.00000000000000e+00,8.16848229526325e-01,0.00000000000000e+00
5.76928779590548e-08,0.00000000000000e+00,0.00000000000000e+00,0.00000000000000e+00,8.18663879990945e-01,0.00000000000000e+00
5.78831608167022e-08,0.00000000000000e+00,0.00000000000000e+00,0.00000000000000e+00,8.19386748213623e-01,0.00000000000000e+00
5.81860433931675e-08,0.00000000000000e+00,0.00000000000000e+00,0.00000000000000e+00,8.19842720975776e-01,0.00000000000000e+00
5.85202645344902e-08,0.00000000000000e+00,0.00000000000000e+00,0.00000000000000e+00,8.19916520829115e-01,0.00000000000000e+00
5.90396773160943e-08,0.00000000000000e+00,0.00000000000000e+00,0.00000000000000e+00,8.19954025900442e-01,0.00000000000000e+00
5.97752689134475e-08,0.00000000000000e+00,0.00000000000000e+00,0.00000000000000e+00,8.19936688473812e-01,0.00000000000000e+00
6.00000000000000e-08,0.00000000000000e+00,0.00000000000000e+00,0.00000000000000e+00,8.19949021200456e-01,0.00000000000000e+00
6.00100000000000e-08,8.19999999998759e-02,0.00000000000000e+00,0.00000000000000e+00,8.20531883994658e-01,0.00000000000000e+00
6.00300000000000e-08,2.45999999999845e-01,0.00000000000000e+00,0.00000000000000e+00,8.21027254551712e-01,0.00000000000000e+00
6.00700000000000e-08,5.73999999999891e-01,0.00000000000000e+00,0.00000000000000e+00,8.20018991604244e-01,0.00000000000000e+00
6.01000000000000e-08,8.19999999999953e-01,0.00000000000000e+00,0.00000000000000e+00,8.18035299365930e-01,0.00000000000000e+00
6.01067245345102e-08,8.20000000000000e-01,0.00000000000000e+00,0.00000000000000e+00,8.17752959905830e-01,0.00000000000000e+00
6.01201736035307e-08,8.20000000000000e-01,0.00000000000000e+00,0.00000000000000e+00,8.17781985696347e-01,0.00000000000000e+00
6.01470717415717e-08,8.20000000000000e-01,0.00000000000000e+00,0.00000000000000e+00,8.19107735518728e-01,0.00000000000000e+00
6.01946945555251e-08,8.20000000000000e-01,0.00000000000000e+00,0.00000000000000e+00,8.20635207822405e-01,0.00000000000000e+00
6.02431863161022e-08,8.20000000000000e-01,0.00000000000000e+00,0.00000000000000e+00,8.20505037675688e-01,0.00000000000000e+00
6.03223046381087e-08,8.20000000000000e-01,0.00000000000000e+00,0.00000000000000e+00,8.20015558027965e-01,0.00000000000000e+00
6.04169979442381e-08,8.20000000000000e-01,0.00000000000000e+00,0.00000000000000e+00,8.19995880918948e-01,0.00000000000000e+00
6.06063845564971e-08,8.20000000000000e-01,0.00000000000000e+00,0.00000000000000e+00,8.19961799474130e-01,0.00000000000000e+00
6.09851577810150e-08,8.20000000000000e-01,0.00000000000000e+00,0.00000000000000e+00,8.19950260912149e-01,0.00000000000000e+00
6.17427042300508e-08,8.20000000000000e-01,0.00000000000000e+00,0.00000000000000e+00,8.19954774780596e-01,0.00000000000000e+00
6.32577971281225e-08,8.20000000000000e-01,0.00000000000000e+00,0.00000000000000e+00,8.19932119053444e-01,0.00000000000000e+00
6.40000000000000e-08,8.20000000000000e-01,0.00000000000000e+00,0.00000000000000e+00,8.19948109319432e-01,0.00000000000000e+00
6.40100000000000e-08,8.20000000000000e-01,0.00000000000000e+00,0.00000000000000e+00,8.20162776323541e-01,8.19999999999844e-02
6.40300000000000e-08,8.20000000000000e-01,0.00000000000000e+00,0.00000000000000e+00,8.20399284307014e-01,2.45999999999953e-01
6.40700000000000e-08,8.20000000000000e-01,0.00000000000000e+00,0.00000000000000e+00,8.19256181086699e-01,5.73999999999891e-01
6.41000000000000e-08,8.20000000000000e-01,0.00000000000000e+00,0.00000000000000e+00,8.15567558724691e-01,8.19999999999953e-01
6.41058129349705e-08,8.20000000000000e-01,0.00000000000000e+00,0.00000000000000e+00,8.14702413308449e-01,8.20000000000000e-01
6.41174388049116e-08,8.20000000000000e-01,0.00000000000000e+00,0.00000000000000e+00,8.13382393966233e-01,8.20000000000000e-01
6.41406905447938e-08,8.20000000000000e-01,0.00000000000000e+00,0.00000000000000e+00,8.13969670165754e-01,8.20000000000000e-01
6.41762181368552e-08,8.20000000000000e-01,0.00000000000000e+00,0.00000000000000e+00,8.26022598663833e-01,8.20000000000000e-01
6.42256017410153e-08,8.20000000000000e-01,0.00000000000000e+00,0.00000000000000e+00,8.46586829816171e-01,8.20000000000000e-01
6.42905972510197e-08,8.20000000000000e-01,0.00000000000000e+00,0.00000000000000e+00,8.64210160656750e-01,8.20000000000000e-01
6.43848316031773e-08,8.20000000000000e-01,0.00000000000000e+00,0.00000000000000e+00,8.74021307096934e-01,8.20000000000000e-01
6.44887891504678e-08,8.20000000000000e-01,0.00000000000000e+00,0.00000000000000e+00,8.70023318025939e-01,8.20000000000000e-01
6.46142523347933e-08,8.20000000000000e-01,0.00000000000000e+00,0.00000000000000e+00,8.55182375476754e-01,8.20000000000000e-01
6.47362875910853e-08,8.20000000000000e-01,0.00000000000000e+00,0.00000000000000e+00,8.40035911837299e-01,8.20000000000000e-01
6.48896136702008e-08,8.20000000000000e-01,0.00000000000000e+00,0.00000000000000e+00,8.28258152912172e-01,8.20000000000000e-01
6.50972399745448e-08,8.20000000000000e-01,0.00000000000000e+00,0.00000000000000e+00,8.22420822967241e-01,8.20000000000000e-01
6.51000000000000e-08,8.20000000000000e-01,0.00000000000000e+00,0.00000000000000e+00,8.22380356309392e-01,8.20000000000000e-01
6.51032489181813e-08,7.93358870913381e-01,0.00000000000000e+00,0.00000000000000e+00,8.22199982100360e-01,8.20000000000000e-01
6.51097467545439e-08,7.40076612740019e-01,0.00000000000000e+00,0.00000000000000e+00,8.21914118405613e-01,8.20000000000000e-01
6.51221657507415e-08,6.38240843920124e-01,0.00000000000000e+00,0.00000000000000e+00,8.21585625035324e-01,8.20000000000000e-01
6.51470037431365e-08,4.34569306280441e-01,0.00000000000000e+00,0.00000000000000e+00,8.21039705063728e-01,8.20000000000000e-01
6.51966797279267e-08,2.72262310009660e-02,0.00000000000000e+00,0.00000000000000e+00,8.21167244708812e-01,8.20000000000000e-01
6.52000000000000e-08,5.37347943918576e-14,0.00000000000000e+00,0.00000000000000e+00,8.21249538626749e-01,8.20000000000000e-01
6.52042119805465e-08,0.00000000000000e+00,0.00000000000000e+00,0.00000000000000e+00,8.21612271458495e-01,8.20000000000000e-01
6.52126359416395e-08,0.00000000000000e+00,0.00000000000000e+00,0.00000000000000e+00,8.22137564909446e-01,8.20000000000000e-01
6.52279611037928e-08,0.00000000000000e+00,0.00000000000000e+00,0.00000000000000e+00,8.22404159457455e-01,8.20000000000000e-01
6.52586114280992e-08,0.00000000000000e+00,0.00000000000000e+00,0.00000000000000e+00,8.22045008139890e-01,8.20000000000000e-01
6.53199120767121e-08,0.00000000000000e+00,0.00000000000000e+00,0.00000000000000e+00,8.20983349563496e-01,8.20000000000000e-01
6.54425133739380e-08,0.00000000000000e+00,0.00000000000000e+00,0.00000000000000e+00,8.20217900917390e-01,8.20000000000000e-01
6.56005278953876e-08,0.00000000000000e+00,0.00000000000000e+00,0.00000000000000e+00,8.20309304930744e-01,8.20000000000000e-01
6.57309810571451e-08,0.00000000000000e+00,0.00000000000000e+00,0.00000000000000e+00,8.20257130559865e-01,8.20000000000000e-01
6.58659817805939e-08,0.00000000000000e+00,0.00000000000000e+00,0.00000000000000e+00,8.20289274203630e-01,8.20000000000000e-01
6.60600487885078e-08,0.00000000000000e+00,0.00000000000000e+00,0.00000000000000e+00,8.20229741727389e-01,8.20000000000000e-01
6.62561387121579e-08,0.00000000000000e+00,0.00000000000000e+00,0.00000000000000e+00,8.20151102540501e-01,8.20000000000000e-01
6.65965341737381e-08,0.00000000000000e+00,0.00000000000000e+00,0.00000000000000e+00,8.20126580586860e-01,8.20000000000000e-01
6.70000000000000e-08,0.00000000000000e+00,0.00000000000000e+00,0.00000000000000e+00,8.20096974676088e-01,8.20000000000000e-01
6.70100000000000e-08,0.00000000000000e+00,0.00000000000000e+00,8.19999999999844e-02,8.20322915395622e-01,8.20000000000000e-01
6.70300000000000e-08,0.00000000000000e+00,0.00000000000000e+00,2.45999999999953e-01,8.20672504472896e-01,8.20000000000000e-01
6.70700000000000e-08,0.00000000000000e+00,0.00000000000000e+00,5.73999999999891e-01,8.20982453158368e-01,8.20000000000000e-01
6.71000000000000e-08,0.00000000000000e+00,0.00000000000000e+00,8.19999999999953e-01,8.21033896047466e-01,8.20000000000000e-01
6.71080000000000e-08,0.00000000000000e+00,0.00000000000000e+00,8.20000000000000e-01,8.20837398443931e-01,8.20000000000000e-01
6.71240000000000e-08,0.00000000000000e+00,0.00000000000000e+00,8.20000000000000e-01,8.20487811723536e-01,8.20000000000000e-01
6.71560000000000e-08,0.00000000000000e+00,0.00000000000000e+00,8.20000000000000e-01,8.20070581012088e-01,8.20000000000000e-01
6.72200000000000e-08,0.00000000000000e+00,0.00000000000000e+00,8.20000000000000e-01,8.19840845291237e-01,8.20000000000000e-01
6.73480000000000e-08,0.00000000000000e+00,0.00000000000000e+00,8.20000000000000e-01,8.19887138465229e-01,8.20000000000000e-01
6.76040000000000e-08,0.00000000000000e+00,0.00000000000000e+00,8.20000000000000e-01,8.20072984206365e-01,8.20000000000000e-01
6.81159999999999e-08,0.00000000000000e+00,0.00000000000000e+00,8.20000000000000e-01,8.20066307645266e-01,8.20000000000000e-01
6.91399999999999e-08,0.00000000000000e+00,0.00000000000000e+00,8.20000000000000e-01,8.20040936401660e-01,8.20000000000000e-01
7.00000000000000e-08,0.00000000000000e+00,0.00000000000000e+00,8.20000000000000e-01,8.20024627534064e-01,8.20000000000000e-01
7.00100000000000e-08,8.19999999999844e-02,0.00000000000000e+00,8.20000000000000e-01,8.20633934250016e-01,8.20000000000000e-01
7.00300000000000e-08,2.45999999999953e-01,0.00000000000000e+00,8.20000000000000e-01,8.21105773934941e-01,8.20000000000000e-01
7.00700000000000e-08,5.73999999999891e-01,0.00000000000000e+00,8.20000000000000e-01,8.18462663010887e-01,8.20000000000000e-01
7.01000000000000e-08,8.19999999999953e-01,0.00000000000000e+00,8.20000000000000e-01,8.13814001260933e-01,8.20000000000000e-01
7.01057437202930e-08,8.20000000000000e-01,0.00000000000000e+00,8.20000000000000e-01,8.13251184535920e-01,8.20000000000000e-01
7.01172311608789e-08,8.20000000000000e-01,0.00000000000000e+00,8.20000000000000e-01,8.12969346108102e-01,8.20000000000000e-01
7.01402060420509e-08,8.20000000000000e-01,0.00000000000000e+00,8.20000000000000e-01,8.15256620512146e-01,8.20000000000000e-01
7.01700240817336e-08,8.20000000000000e-01,0.00000000000000e+00,8.20000000000000e-01,8.21495218705434e-01,8.20000000000000e-01
7.02296601610992e-08,8.20000000000000e-01,0.00000000000000e+00,8.20000000000000e-01,8.38788533024770e-01,8.20000000000000e-01
7.02876116882917e-08,8.20000000000000e-01,0.00000000000000e+00,8.20000000000000e-01,8.42505075325714e-01,8.20000000000000e-01
7.04010461838654e-08,8.20000000000000e-01,0.00000000000000e+00,8.20000000000000e-01,7.46169074048840e-01,8.20000000000000e-01
7.05459167524374e-08,8.20000000000000e-01,0.00000000000000e+00,8.20000000000000e-01,2.57950902293906e-01,8.20000000000000e-01
7.06903782499983e-08,8.20000000000000e-01,0.00000000000000e+00,8.20000000000000e-01,4.20824839710597e-02,8.20000000000000e-01
7.08529962154680e-08,8.20000000000000e-01,0.00000000000000e+00,8.20000000000000e-01,3.78112913505693e-03,8.20000000000000e-01
7.10421974933149e-08,8.20000000000000e-01,0.00000000000000e+00,8.20000000000000e-01,-1.30692290243843e-03,8.20000000000000e-01
7.13112496971407e-08,8.20000000000000e-01,0.00000000000000e+00,8.20000000000000e-01,2.26962261177979e-03,8.20000000000000e-01
7.16193888080790e-08,8.20000000000000e-01,0.00000000000000e+00,8.20000000000000e-01,-2.38919611196468e-03,8.20000000000000e-01
7.22356670299556e-08,8.20000000000000e-01,0.00000000000000e+00,8.20000000000000e-01,2.42040400435809e-03,8.20000000000000e-01
7.32153874783871e-08,8.20000000000000e-01,0.00000000000000e+00,8.20000000000000e-01,-2.40258457015774e-03,8.20000000000000e-01
7.48442475348901e-08,8.20000000000000e-01,0.00000000000000e+00,8.20000000000000e-01,2.40603447150868e-03,8.20000000000000e-01
7.51000000000000e-08,8.20000000000000e-01,0.00000000000000e+00,8.20000000000000e-01,-2.26593567476149e-03,8.20000000000000e-01
7.51100000000000e-08,7.38000000000022e-01,0.00000000000000e+00,8.20000000000000e-01,-1.13992177988826e-03,8.20000000000000e-01
7.51300000000000e-08,5.74000000000053e-01,0.00000000000000e+00,8.20000000000000e-01,-1.44814869464750e-04,8.20000000000000e-01
7.51700000000000e-08,2.46000000000116e-01,0.00000000000000e+00,8.20000000000000e-01,-2.92759662627581e-04,8.20000000000000e-01
7.52000000000000e-08,5.37347943918576e-14,0.00000000000000e+00,8.20000000000000e-01,-3.42006133819765e-04,8.20000000000000e-01
7.52080000000000e-08,0.00000000000000e+00,0.00000000000000e+00,8.20000000000000e-01,3.12421820589009e-05,8.20000000000000e-01
7.52240000000000e-08,0.00000000000000e+00,0.00000000000000e+00,8.20000000000000e-01,3.65923794506409e-04,8.20000000000000e-01
7.52560000000000e-08,0.00000000000000e+00,0.00000000000000e+00,8.20000000000000e-01,3.87907055194217e-04,8.20000000000000e-01
7.53200000000000e-08,0.00000000000000e+00,0.00000000000000e+00,8.20000000000000e-01,3.04996920867707e-04,8.20000000000000e-01
7.54222577118470e-08,0.00000000000000e+00,0.00000000000000e+00,8.20000000000000e-01,-9.68524802967407e-05,8.20000000000000e-01
7.55441625483267e-08,0.00000000000000e+00,0.00000000000000e+00,8.20000000000000e-01,-2.66765395663457e-06,8.20000000000000e-01
7.56806327705751e-08,0.00000000000000e+00,0.00000000000000e+00,8.20000000000000e-01,3.08771355577556e-05,8.20000000000000e-01
7.59535732150719e-08,0.00000000000000e+00,0.00000000000000e+00,8.20000000000000e-01,-6.07108003061253e-06,8.20000000000000e-01
7.62242897013966e-08,0.00000000000000e+00,0.00000000000000e+00,8.20000000000000e-01,1.36078649457680e-05,8.20000000000000e-01
7.67657226740461e-08,0.00000000000000e+00,0.00000000000000e+00,8.20000000000000e-01,-8.30243119819064e-06,8.20000000000000e-01
7.75949294081828e-08,0.00000000000000e+00,0.00000000000000e+00,8.20000000000000e-01,1.60476827085812e-05,8.20000000000000e-01
7.92533428764559e-08,0.00000000000000e+00,0.00000000000000e+00,8.20000000000000e-01,-5.23234614469036e-06,8.20000000000000e-01
8.00000000000000e-08,0.00000000000000e+00,0.00000000000000e+00,8.20000000000000e-01,1.50516971480765e-05,8.20000000000000e-01
8.00100000000000e-08,8.19999999999844e-02,8.19999999999844e-02,8.20000000000000e-01,6.82583787253080e-03,8.20000000000000e-01
8.00300000000000e-08,2.45999999999953e-01,2.45999999999953e-01,8.20000000000000e-01,1.97072710174189e-02,8.20000000000000e-01
8.00700000000000e-08,5.73999999999891e-01,5.73999999999891e-01,8.20000000000000e-01,3.75804849170680e-02,8.20000000000000e-01
8.01000000000000e-08,8.19999999999953e-01,8.19999999999953e-01,8.20000000000000e-01,1.29628595434394e-02,8.20000000000000e-01
8.01059689391356e-08,8.20000000000000e-01,8.20000000000000e-01,8.20000000000000e-01,-1.28132552992755e-03,8.20000000000000e-01
8.01179068174069e-08,8.20000000000000e-01,8.20000000000000e-01,8.20000000000000e-01,-2.18145032658213e-02,8.20000000000000e-01
8.01417825739495e-08,8.20000000000000e-01,8.20000000000000e-01,8.20000000000000e-01,-1.48120568462961e-02,8.20000000000000e-01
8.01787610480868e-08,8.20000000000000e-01,8.20000000000000e-01,8.20000000000000e-01,1.35611611037308e-03,8.20000000000000e-01
8.02263124161085e-08,8.20000000000000e-01,8.20000000000000e-01,8.20000000000000e-01,-6.48046544846221e-04,8.20000000000000e-01
8.02964190728818e-08,8.20000000000000e-01,8.20000000000000e-01,8.20000000000000e-01,3.04100185340327e-04,8.20000000000000e-01
8.03860389960812e-08,8.20000000000000e-01,8.20000000000000e-01,8.20000000000000e-01,-2.62116153305975e-04,8.20000000000000e-01
8.05652788424801e-08,8.20000000000000e-01,8.20000000000000e-01,8.20000000000000e-01,1.82283635135805e-04,8.20000000000000e-01
8.08125904332541e-08,8.20000000000000e-01,8.20000000000000e-01,8.20000000000000e-01,-1.43803775832249e-04,8.20000000000000e-01
8.11000000000000e-08,8.20000000000000e-01,8.20000000000000e-01,8.20000000000000e-01,1.34653461265832e-04,8.20000000000000e-01
8.11100000000000e-08,8.20000000000000e-01,8.20000000000000e-01,7.38000000000016e-01,-3.80631332728022e-04,8.20000000000000e-01
8.11300000000000e-08,8.20000000000000e-01,8.20000000000000e-01,5.74000000000047e-01,-5.15772446581087e-04,8.20000000000000e-01
8.11700000000000e-08,8.20000000000000e-01,8.20000000000000e-01,2.46000000000109e-01,-7.48028784066988e-05,8.20000000000000e-01
8.12000000000000e-08,8.20000000000000e-01,8.20000000000000e-01,4.69624339416441e-14,-4.15567517505882e-04,8.20000000000000e-01
8.12070924162463e-08,8.20000000000000e-01,8.20000000000000e-01,0.00000000000000e+00,-3.61688646690506e-05,8.20000000000000e-01
8.12212772487388e-08,8.20000000000000e-01,8.20000000000000e-01,0.00000000000000e+00,6.71732100744044e-04,8.20000000000000e-01
8.12496469137240e-08,8.20000000000000e-01,8.20000000000000e-01,0.00000000000000e+00,5.03447199182344e-04,8.20000000000000e-01
8.12927762003583e-08,8.20000000000000e-01,8.20000000000000e-01,0.00000000000000e+00,-9.52523223156077e-05,8.20000000000000e-01
8.13635584471922e-08,8.20000000000000e-01,8.20000000000000e-01,0.00000000000000e+00,4.99941332535185e-05,8.20000000000000e-01
8.14387810800990e-08,8.20000000000000e-01,8.20000000000000e-01,0.00000000000000e+00,-2.73894235745129e-05,8.20000000000000e-01
8.15892263459126e-08,8.20000000000000e-01,8.20000000000000e-01,0.00000000000000e+00,2.07872372380699e-05,8.20000000000000e-01
8.18901168775398e-08,8.20000000000000e-01,8.20000000000000e-01,0.00000000000000e+00,-1.75097275089175e-05,8.20000000000000e-01
8.24918979407941e-08,8.20000000000000e-01,8.20000000000000e-01,0.00000000000000e+00,1.68684798961589e-05,8.20000000000000e-01
8.36954600673029e-08,8.20000000000000e-01,8.20000000000000e-01,0.00000000000000e+00,-1.57358799672636e-05,8.20000000000000e-01
8.51000000000000e-08,8.20000000000000e-01,8.20000000000000e-01,0.00000000000000e+00,1.58209024360352e-05,8.20000000000000e-01
8.51100000000000e-08,7.38000000000022e-01,8.20000000000000e-01,0.00000000000000e+00,-5.15434450062432e-04,8.20000000000000e-01
8.51300000000000e-08,5.74000000000053e-01,8.20000000000000e-01,0.00000000000000e+00,-7.73002498642204e-04,8.20000000000000e-01
8.51700000000000e-08,2.46000000000116e-01,8.20000000000000e-01,0.00000000000000e+00,-2.66451769861303e-04,8.20000000000000e-01
8.52000000000000e-08,5.37347943918576e-14,8.20000000000000e-01,0.00000000000000e+00,-4.64003976459235e-04,8.20000000000000e-01
8.52080000000000e-08,0.00000000000000e+00,8.20000000000000e-01,0.00000000000000e+00,8.56890172640706e-05,8.20000000000000e-01
8.52240000000000e-08,0.00000000000000e+00,8.20000000000000e-01,0.00000000000000e+00,5.13761376314978e-04,8.20000000000000e-01
8.52560000000000e-08,0.00000000000000e+00,8.20000000000000e-01,0.00000000000000e+00,4.26878767761290e-04,8.20000000000000e-01
8.53200000000000e-08,0.00000000000000e+00,8.20000000000000e-01,0.00000000000000e+00,3.08466735618946e-04,8.20000000000000e-01
8.54210249274720e-08,0.00000000000000e+00,8.20000000000000e-01,0.00000000000000e+00,-1.11034490213706e-04,8.20000000000000e-01
8.55710346536602e-08,0.00000000000000e+00,8.20000000000000e-01,0.00000000000000e+00,4.75306493438934e-05,8.20000000000000e-01
8.57594202120552e-08,0.00000000000000e+00,8.20000000000000e-01,0.00000000000000e+00,-3.43171163454480e-05,8.20000000000000e-01
8.60680272064043e-08,0.00000000000000e+00,8.20000000000000e-01,0.00000000000000e+00,3.39074750955570e-05,8.20000000000000e-01
8.64009984022773e-08,0.00000000000000e+00,8.20000000000000e-01,0.00000000000000e+00,-3.02428715408960e-05,8.20000000000000e-01
8.70522856854051e-08,0.00000000000000e+00,8.20000000000000e-01,0.00000000000000e+00,2.92467954346503e-05,8.20000000000000e-01
8.83548602516606e-08,0.00000000000000e+00,8.20000000000000e-01,0.00000000000000e+00,-2.82143207309509e-05,8.20000000000000e-01
9.00000000000000e-08,0.00000000000000e+00,8.20000000000000e-01,0.00000000000000e+00,2.82463160487788e-05,8.20000000000000e-01
9.00100000000000e-08,8.19999999999844e-02,8.20000000000000e-01,0.00000000000000e+00,4.88885777256725e-04,8.20000000000000e-01
9.00300000000000e-08,2.45999999999953e-01,8.20000000000000e-01,0.00000000000000e+00,1.13199845263850e-03,8.20000000000000e-01
9.00700000000000e-08,5.73999999999891e-01,8.20000000000000e-01,0.00000000000000e+00,2.17420370229188e-04,8.20000000000000e-01
9.01000000000000e-08,8.19999999999953e-01,8.20000000000000e-01,0.00000000000000e+00,-1.55731394326023e-03,8.20000000000000e-01
9.01067657869802e-08,8.20000000000000e-01,8.20000000000000e-01,0.00000000000000e+00,-1.76118107102208e-03,8.20000000000000e-01
9.01202973609407e-08,8.20000000000000e-01,8.20000000000000e-01,0.00000000000000e+00,-1.01190657511918e-03,8.20000000000000e-01
9.01473605088615e-08,8.20000000000000e-01,8.20000000000000e-01,0.00000000000000e+00,7.83038754888852e-04,8.20000000000000e-01
9.01988102276571e-08,8.20000000000000e-01,8.20000000000000e-01,0.00000000000000e+00,-4.28972896643055e-05,8.20000000000000e-01
9.02470721690487e-08,8.20000000000000e-01,8.20000000000000e-01,0.00000000000000e+00,-1.38018643369470e-04,8.20000000000000e-01
9.03338638897247e-08,8.20000000000000e-01,8.20000000000000e-01,0.00000000000000e+00,2.98874457674624e-05,8.20000000000000e-01
9.04324320567586e-08,8.20000000000000e-01,8.20000000000000e-01,0.00000000000000e+00,-7.34053092991693e-05,8.20000000000000e-01
9.06295683908263e-08,8.20000000000000e-01,8.20000000000000e-01,0.00000000000000e+00,4.73599718971873e-05,8.20000000000000e-01
9.10238410589618e-08,8.20000000000000e-01,8.20000000000000e-01,0.00000000000000e+00,-4.49086678101509e-05,8.20000000000000e-01
9.17695913172366e-08,8.20000000000000e-01,8.20000000000000e-01,0.00000000000000e+00,4.38209801863253e-05,8.20000000000000e-01
9.31964241581837e-08,8.20000000000000e-01,8.20000000000000e-01,0.00000000000000e+00,-4.23929341263856e-05,8.20000000000000e-01
9.41000000000000e-08,8.20000000000000e-01,8.20000000000000e-01,0.00000000000000e+00,4.15737023555004e-05,8.20000000000000e-01
9.41100000000000e-08,8.20000000000000e-01,8.20000000000000e-01,0.00000000000000e+00,1.56217387412228e-05,7.38000000000070e-01
9.41300000000000e-08,8.20000000000000e-01,8.20000000000000e-01,0.00000000000000e+00,-4.32892847642538e-06,5.74000000000101e-01
9.41700000000000e-08,8.20000000000000e-01,8.20000000000000e-01,0.00000000000000e+00,4.60271187011473e-06,2.46000000000163e-01
9.42000000000000e-08,8.20000000000000e-01,8.20000000000000e-01,0.00000000000000e+00,7.74108693285587e-06,1.01141317543352e-13
9.42080000000000e-08,8.20000000000000e-01,8.20000000000000e-01,0.00000000000000e+00,1.10838229257212e-05,0.00000000000000e+00
9.42240000000000e-08,8.20000000000000e-01,8.20000000000000e-01,0.00000000000000e+00,8.02060226441757e-06,0.00000000000000e+00
9.42560000000000e-08,8.20000000000000e-01,8.20000000000000e-01,0.00000000000000e+00,-9.43714685661314e-06,0.00000000000000e+00
9.43200000000000e-08,8.20000000000000e-01,8.20000000000000e-01,0.00000000000000e+00,-4.74077662905276e-05,0.00000000000000e+00
9.44291871414321e-08,8.20000000000000e-01,8.20000000000000e-01,0.00000000000000e+00,6.88715448668250e-05,0.00000000000000e+00
9.45413535360003e-08,8.20000000000000e-01,8.20000000000000e-01,0.00000000000000e+00,-5.94472182344803e-05,0.00000000000000e+00
9.46901854436816e-08,8.20000000000000e-01,8.20000000000000e-01,0.00000000000000e+00,5.20697674569510e-05,0.00000000000000e+00
9.48833365457129e-08,8.20000000000000e-01,8.20000000000000e-01,0.00000000000000e+00,-4.33190637147496e-05,0.00000000000000e+00
9.51000000000000e-08,8.20000000000000e-01,8.20000000000000e-01,0.00000000000000e+00,3.74805553228938e-05,0.00000000000000e+00
9.51100000000000e-08,7.38000000000022e-01,8.20000000000000e-01,0.00000000000000e+00,-5.03185072836495e-04,0.00000000000000e+00
9.51300000000000e-08,5.74000000000053e-01,8.20000000000000e-01,0.00000000000000e+00,-7.74479602475325e-04,0.00000000000000e+00
9.51700000000000e-08,2.46000000000116e-01,8.20000000000000e-01,0.00000000000000e+00,-2.66611214655561e-04,0.00000000000000e+00
9.52000000000000e-08,5.37347943918576e-14,8.20000000000000e-01,0.00000000000000e+00,-4.63664967212243e-04,0.00000000000000e+00
9.52080000000000e-08,0.00000000000000e+00,8.20000000000000e-01,0.00000000000000e+00,8.63040533948929e-05,0.00000000000000e+00
9.52240000000000e-08,0.00000000000000e+00,8.20000000000000e-01,0.00000000000000e+00,5.13701912407664e-04,0.00000000000000e+00
9.52560000000000e-08,0.00000000000000e+00,8.20000000000000e-01,0.00000000000000e+00,4.26582577709852e-04,0.00000000000000e+00
9.53200000000000e-08,0.00000000000000e+00,8.20000000000000e-01,0.00000000000000e+00,3.08491872973465e-04,0.00000000000000e+00
9.54210281300401e-08,0.00000000000000e+00,8.20000000000000e-01,0.00000000000000e+00,-1.10988256112213e-04,0.00000000000000e+00
9.55710345676822e-08,0.00000000000000e+00,8.20000000000000e-01,0.00000000000000e+00,4.75229738248666e-05,0.00000000000000e+00
9.57594824059144e-08,0.00000000000000e+00,8.20000000000000e-01,0.00000000000000e+00,-3.43157191783390e-05,0.00000000000000e+00
9.60680652261791e-08,0.00000000000000e+00,8.20000000000000e-01,0.00000000000000e+00,3.39105199757080e-05,0.00000000000000e+00
9.64010586662226e-08,0.00000000000000e+00,8.20000000000000e-01,0.00000000000000e+00,-3.02482953288311e-05,0.00000000000000e+00
9.70000000000000e-08,0.00000000000000e+00,8.20000000000000e-01,0.00000000000000e+00,2.91360330592577e-05,0.00000000000000e+00
9.70100000000000e-08,0.00000000000000e+00,8.20000000000000e-01,8.19999999999844e-02,2.25648961872457e-04,0.00000000000000e+00
9.70300000000000e-08,0.00000000000000e+00,8.20000000000000e-01,2.45999999999953e-01,3.78939454957304e-04,0.00000000000000e+00
9.70700000000000e-08,0.00000000000000e+00,8.20000000000000e-01,5.73999999999891e-01,7.14599016746048e-04,0.00000000000000e+00
9.71000000000000e-08,0.00000000000000e+00,8.20000000000000e-01,8.19999999999953e-01,1.13465888593184e-04,0.00000000000000e+00
9.71080000000000e-08,0.00000000000000e+00,8.20000000000000e-01,8.20000000000000e-01,-5.17021765046263e-04,0.00000000000000e+00
9.71240000000000e-08,0.00000000000000e+00,8.20000000000000e-01,8.20000000000000e-01,-8.63424627580508e-04,0.00000000000000e+00
9.71560000000000e-08,0.00000000000000e+00,8.20000000000000e-01,8.20000000000000e-01,-1.56210075008947e-04,0.00000000000000e+00
9.72200000000000e-08,0.00000000000000e+00,8.20000000000000e-01,8.20000000000000e-01,6.73718761370142e-05,0.00000000000000e+00
9.73015094558536e-08,0.00000000000000e+00,8.20000000000000e-01,8.20000000000000e-01,-4.78584443989035e-05,0.00000000000000e+00
9.73914241838209e-08,0.00000000000000e+00,8.20000000000000e-01,8.20000000000000e-01,3.69408966123888e-05,0.00000000000000e+00
9.75196698335746e-08,0.00000000000000e+00,8.20000000000000e-01,8.20000000000000e-01,-4.76953570359730e-05,0.00000000000000e+00
9.76523724268576e-08,0.00000000000000e+00,8.20000000000000e-01,8.20000000000000e-01,7.13752934932062e-05,0.00000000000000e+00
9.77742714699461e-08,0.00000000000000e+00,8.20000000000000e-01,8.20000000000000e-01,-2.26552981833652e-05,0.00000000000000e+00
9.79197732286664e-08,0.00000000000000e+00,8.20000000000000e-01,8.20000000000000e-01,1.18454355390129e-05,0.00000000000000e+00
9.81019224767668e-08,0.00000000000000e+00,8.20000000000000e-01,8.20000000000000e-01,3.40060156509475e-06,0.00000000000000e+00
9.82751044969523e-08,0.00000000000000e+00,8.20000000000000e-01,8.20000000000000e-01,1.99152972550604e-06,0.00000000000000e+00
9.84932563723233e-08,0.00000000000000e+00,8.20000000000000e-01,8.20000000000000e-01,1.22784183714129e-05,0.00000000000000e+00
9.87222343290147e-08,0.00000000000000e+00,8.20000000000000e-01,8.20000000000000e-01,-5.15590658680147e-07,0.00000000000000e+00
9.90919859809801e-08,0.00000000000000e+00,8.20000000000000e-01,8.20000000000000e-01,1.25959288323947e-05,0.00000000000000e+00
9.95165152873997e-08,0.00000000000000e+00,8.20000000000000e-01,8.20000000000000e-01,-1.39237076035703e-07,0.00000000000000e+00
1.00000000000000e-07,0.00000000000000e+00,8.20000000000000e-01,8.20000000000000e-01,1.20078907711597e-05,0.00000000000000e+00
1.00010000000000e-07,8.19999999999844e-02,8.20000000000000e-01,8.20000000000000e-01,4.91015680880739e-04,0.00000000000000e+00
1.00030000000000e-07,2.45999999999953e-01,8.20000000000000e-01,8.20000000000000e-01,1.27095444901510e-03,0.00000000000000e+00
1.00070000000000e-07,5.73999999999891e-01,8.20000000000000e-01,8.20000000000000e-01,1.44897573190521e-03,0.00000000000000e+00
1.00100000000000e-07,8.19999999999953e-01,8.20000000000000e-01,8.20000000000000e-01,-6.34221274956989e-05,0.00000000000000e+00
1.00106658288707e-07,8.20000000000000e-01,8.20000000000000e-01,8.20000000000000e-01,-1.00216226033942e-03,0.00000000000000e+00
1.00119974866122e-07,8.20000000000000e-01,8.20000000000000e-01,8.20000000000000e-01,-2.21628162684423e-03,0.00000000000000e+00
1.00146608020952e-07,8.20000000000000e-01,8.20000000000000e-01,8.20000000000000e-01,-3.50021599978583e-03,0.00000000000000e+00
1.00199874330611e-07,8.20000000000000e-01,8.20000000000000e-01,8.20000000000000e-01,-9.44642364681169e-03,0.00000000000000e+00
1.00249971215754e-07,8.20000000000000e-01,8.20000000000000e-01,8.20000000000000e-01,-1.67128679626905e-02,0.00000000000000e+00
1.00337190596593e-07,8.20000000000000e-01,8.20000000000000e-01,8.20000000000000e-01,-7.75668523001523e-03,0.00000000000000e+00
1.00430934034553e-07,8.20000000000000e-01,8.20000000000000e-01,8.20000000000000e-01,3.79597445726566e-01,0.00000000000000e+00
1.00580600627155e-07,8.20000000000000e-01,8.20000000000000e-01,8.20000000000000e-01,7.91524927254582e-01,0.00000000000000e+00
1.00743553718325e-07,8.20000000000000e-01,8.20000000000000e-01,8.20000000000000e-01,8.24156941889811e-01,0.00000000000000e+00
1.00914451981851e-07,8.20000000000000e-01,8.20000000000000e-01,8.20000000000000e-01,8.18505810021162e-01,0.00000000000000e+00
1.01173010604569e-07,8.20000000000000e-01,8.20000000000000e-01,8.20000000000000e-01,8.20698474102704e-01,0.00000000000000e+00
1.01665188173320e-07,8.20000000000000e-01,8.20000000000000e-01,8.20000000000000e-01,8.19413357121903e-01,0.00000000000000e+00
1.02621288006576e-07,8.20000000000000e-01,8.20000000000000e-01,8.20000000000000e-01,8.20461023407485e-01,0.00000000000000e+00
1.04340193891520e-07,8.20000000000000e-01,8.20000000000000e-01,8.20000000000000e-01,8.19520412892462e-01,0.00000000000000e+00
1.05100000000000e-07,8.20000000000000e-01,8.20000000000000e-01,8.20000000000000e-01,8.20356234078308e-01,0.00000000000000e+00
1.05110000000000e-07,7.38000000000022e-01,8.20000000000000e-01,8.20000000000000e-01,8.19854409247436e-01,0.00000000000000e+00
1.05130000000000e-07,5.74000000000053e-01,8.20000000000000e-01,8.20000000000000e-01,8.19169873503463e-01,0.00000000000000e+00
1.05170000000000e-07,2.46000000000116e-01,8.20000000000000e-01,8.20000000000000e-01,8.18993425208336e-01,0.00000000000000e+00
1.05200000000000e-07,5.37347943918576e-14,8.20000000000000e-01,8.20000000000000e-01,8.19554130256606e-01,0.00000000000000e+00
1.05208000000000e-07,0.00000000000000e+00,8.20000000000000e-01,8.20000000000000e-01,8.20330918338203e-01,0.00000000000000e+00
1.05224000000000e-07,0.00000000000000e+00,8.20000000000000e-01,8.20000000000000e-01,8.21398806946690e-01,0.00000000000000e+00
1.05256000000000e-07,0.00000000000000e+00,8.20000000000000e-01,8.20000000000000e-01,8.21554011701194e-01,0.00000000000000e+00
1.05320000000000e-07,0.00000000000000e+00,8.20000000000000e-01,8.20000000000000e-01,8.20466968050312e-01,0.00000000000000e+00
1.05424691274690e-07,0.00000000000000e+00,8.20000000000000e-01,8.20000000000000e-01,8.19597881252788e-01,0.00000000000000e+00
1.05625742080909e-07,0.00000000000000e+00,8.20000000000000e-01,8.20000000000000e-01,8.19842484146046e-01,0.00000000000000e+00
1.05901795370091e-07,0.00000000000000e+00,8.20000000000000e-01,8.20000000000000e-01,8.20007578555573e-01,0.00000000000000e+00
1.06179694987572e-07,0.00000000000000e+00,8.20000000000000e-01,8.20000000000000e-01,8.19966472696775e-01,0.00000000000000e+00
1.06610935176440e-07,0.00000000000000e+00,8.20000000000000e-01,8.20000000000000e-01,8.19973380056842e-01,0.00000000000000e+00
1.07457754741471e-07,0.00000000000000e+00,8.20000000000000e-01,8.20000000000000e-01,8.19974441052518e-01,0.00000000000000e+00
1.09151393871535e-07,0.00000000000000e+00,8.20000000000000e-01,8.20000000000000e-01,8.19971101948535e-01,0.00000000000000e+00
1.10000000000000e-07,0.00000000000000e+00,8.20000000000000e-01,8.20000000000000e-01,8.19975947861659e-01,0.00000000000000e+00
1.10010000000000e-07,8.19999999998759e-02,8.20000000000000e-01,8.20000000000000e-01,8.20820023421444e-01,0.00000000000000e+00
1.10030000000000e-07,2.45999999999845e-01,8.20000000000000e-01,8.20000000000000e-01,8.21565008324724e-01,0.00000000000000e+00
1.10070000000000e-07,5.73999999999783e-01,8.20000000000000e-01,8.20000000000000e-01,8.20161585057021e-01,0.00000000000000e+00
1.10100000000000e-07,8.19999999999845e-01,8.20000000000000e-01,8.20000000000000e-01,8.17217920912589e-01,0.00000000000000e+00
1.10106802955800e-07,8.20000000000000e-01,8.20000000000000e-01,8.20000000000000e-01,8.16791156352304e-01,0.00000000000000e+00
1.10120408867399e-07,8.20000000000000e-01,8.20000000000000e-01,8.20000000000000e-01,8.16799055895969e-01,0.00000000000000e+00
1.10147620690597e-07,8.20000000000000e-01,8.20000000000000e-01,8.20000000000000e-01,8.18709719604765e-01,0.00000000000000e+00
1.10195728099113e-07,8.20000000000000e-01,8.20000000000000e-01,8.20000000000000e-01,8.21048465953189e-01,0.00000000000000e+00
1.10244699707140e-07,8.20000000000000e-01,8.20000000000000e-01,8.20000000000000e-01,8.21031413500020e-01,0.00000000000000e+00
1.10324478260177e-07,8.20000000000000e-01,8.20000000000000e-01,8.20000000000000e-01,8.20152759196459e-01,0.00000000000000e+00
1.10420203102202e-07,8.20000000000000e-01,8.20000000000000e-01,8.20000000000000e-01,8.19962650444711e-01,0.00000000000000e+00
1.10611652786252e-07,8.20000000000000e-01,8.20000000000000e-01,8.20000000000000e-01,8.19949145945375e-01,0.00000000000000e+00
1.10994552154353e-07,8.20000000000000e-01,8.20000000000000e-01,8.20000000000000e-01,8.19975783368772e-01,0.00000000000000e+00
1.11100000000000e-07,8.20000000000000e-01,8.20000000000000e-01,8.20000000000000e-01,8.19973500921467e-01,0.00000000000000e+00
1.11110000000000e-07,8.20000000000000e-01,8.20000000000000e-01,7.38000000000016e-01,8.19418609344645e-01,0.00000000000000e+00
1.11130000000000e-07,8.20000000000000e-01,8.20000000000000e-01,5.74000000000047e-01,8.19062000120279e-01,0.00000000000000e+00
1.11170000000000e-07,8.20000000000000e-01,8.20000000000000e-01,2.46000000000109e-01,8.19304270779942e-01,0.00000000000000e+00
1.11200000000000e-07,8.20000000000000e-01,8.20000000000000e-01,4.69624339416441e-14,8.18901635050732e-01,0.00000000000000e+00
1.11207161752026e-07,8.20000000000000e-01,8.20000000000000e-01,0.00000000000000e+00,8.19083211030712e-01,0.00000000000000e+00
1.11221485256077e-07,8.20000000000000e-01,8.20000000000000e-01,0.00000000000000e+00,8.19801298426582e-01,0.00000000000000e+00
1.11250132264179e-07,8.20000000000000e-01,8.20000000000000e-01,0.00000000000000e+00,8.20936457018984e-01,0.00000000000000e+00
1.11296980848697e-07,8.20000000000000e-01,8.20000000000000e-01,0.00000000000000e+00,8.20480974646830e-01,0.00000000000000e+00
1.11359581913196e-07,8.20000000000000e-01,8.20000000000000e-01,0.00000000000000e+00,8.20098585222747e-01,0.00000000000000e+00
1.11438098428008e-07,8.20000000000000e-01,8.20000000000000e-01,0.00000000000000e+00,8.19964171342881e-01,0.00000000000000e+00
1.11530356072977e-07,8.20000000000000e-01,8.20000000000000e-01,0.00000000000000e+00,8.19959174941667e-01,0.00000000000000e+00
1.11641660008287e-07,8.20000000000000e-01,8.20000000000000e-01,0.00000000000000e+00,8.19940350497841e-01,0.00000000000000e+00
1.11744371454609e-07,8.20000000000000e-01,8.20000000000000e-01,0.00000000000000e+00,8.19941790667907e-01,0.00000000000000e+00
1.11881804520192e-07,8.20000000000000e-01,8.20000000000000e-01,0.00000000000000e+00,8.19954934097990e-01,0.00000000000000e+00
1.12048054309990e-07,8.20000000000000e-01,8.20000000000000e-01,0.00000000000000e+00,8.19937886834789e-01,0.00000000000000e+00
1.12292672272272e-07,8.20000000000000e-01,8.20000000000000e-01,0.00000000000000e+00,8.19949720158181e-01,0.00000000000000e+00
1.12725310679334e-07,8.20000000000000e-01,8.20000000000000e-01,0.00000000000000e+00,8.19940786296889e-01,0.00000000000000e+00
1.13508065083015e-07,8.20000000000000e-01,8.20000000000000e-01,0.00000000000000e+00,8.19948397066248e-01,0.00000000000000e+00
1.14873184835768e-07,8.20000000000000e-01,8.20000000000000e-01,0.00000000000000e+00,8.19941490499898e-01,0.00000000000000e+00
1.15100000000000e-07,8.20000000000000e-01,8.20000000000000e-01,0.00000000000000e+00,8.19946795586526e-01,0.00000000000000e+00
1.15110000000000e-07,7.38000000000022e-01,8.20000000000000e-01,0.00000000000000e+00,8.19611895206897e-01,0.00000000000000e+00
1.15130000000000e-07,5.74000000000053e-01,8.20000000000000e-01,0.00000000000000e+00,8.19149491634367e-01,0.00000000000000e+00
1.15170000000000e-07,2.46000000000116e-01,8.20000000000000e-01,0.00000000000000e+00,8.19017323729985e-01,0.00000000000000e+00
1.15200000000000e-07,5.37347943918576e-14,8.20000000000000e-01,0.00000000000000e+00,8.19852090003493e-01,0.00000000000000e+00
1.15208000000000e-07,0.00000000000000e+00,8.20000000000000e-01,0.00000000000000e+00,8.20749520457198e-01,0.00000000000000e+00
1.15224000000000e-07,0.00000000000000e+00,8.20000000000000e-01,0.00000000000000e+00,8.21760244140043e-01,0.00000000000000e+00
1.15256000000000e-07,0.00000000000000e+00,8.20000000000000e-01,0.00000000000000e+00,8.21540321333957e-01,0.00000000000000e+00
1.15320000000000e-07,0.00000000000000e+00,8.20000000000000e-01,0.00000000000000e+00,8.20033977595465e-01,0.00000000000000e+00
1.15440046178176e-07,0.00000000000000e+00,8.20000000000000e-01,0.00000000000000e+00,8.19459261024935e-01,0.00000000000000e+00
1.15600487608678e-07,0.00000000000000e+00,8.20000000000000e-01,0.00000000000000e+00,8.19897718331912e-01,0.00000000000000e+00
1.15732074643784e-07,0.00000000000000e+00,8.20000000000000e-01,0.00000000000000e+00,8.19922957993030e-01,0.00000000000000e+00
1.15867674787843e-07,0.00000000000000e+00,8.20000000000000e-01,0.00000000000000e+00,8.19982923681836e-01,0.00000000000000e+00
1.16060812512789e-07,0.00000000000000e+00,8.20000000000000e-01,0.00000000000000e+00,8.20007862002380e-01,0.00000000000000e+00
1.16259350828045e-07,0.00000000000000e+00,8.20000000000000e-01,0.00000000000000e+00,8.19931195733188e-01,0.00000000000000e+00
1.16608328034015e-07,0.00000000000000e+00,8.20000000000000e-01,0.00000000000000e+00,8.19949237813895e-01,0.00000000000000e+00
1.17142975985606e-07,0.00000000000000e+00,8.20000000000000e-01,0.00000000000000e+00,8.19943672503416e-01,0.00000000000000e+00
1.18212271888789e-07,0.00000000000000e+00,8.20000000000000e-01,0.00000000000000e+00,8.19944899283225e-01,0.00000000000000e+00
1.20000000000000e-07,0.00000000000000e+00,8.20000000000000e-01,0.00000000000000e+00,8.19945310397677e-01,0.00000000000000e+00
